[     225ms] [INFO] %cDownload the React DevTools for a better development experience: https://react.dev/link/react-devtools font-weight:bold @ http://localhost:5173/node_modules/.vite/deps/react-dom_client.js?v=94e81f43:20102
[     436ms] [ERROR] Failed to load resource: the server responded with a status of 404 (Not Found) @ http://localhost:5173/api/v1/performance/metrics:0
[     437ms] [ERROR] Failed to load resource: the server responded with a status of 404 (Not Found) @ http://localhost:5173/api/v1/performance/metrics:0
[     509ms] [ERROR] Failed to load resource: the server responded with a status of 404 (Not Found) @ http://localhost:5173/api/v1/performance/metrics:0
[     512ms] [ERROR] Failed to load resource: the server responded with a status of 404 (Not Found) @ http://localhost:5173/api/v1/performance/metrics:0
[     514ms] [LOG] 🔍 Starting bundle size monitoring... @ http://localhost:5173/src/services/bundleMonitoring.ts:32
[     516ms] [LOG] 🚨 Bundle Alert: Bundle size exceeds critical threshold: 1.22 MB @ http://localhost:5173/src/services/bundleMonitoring.ts:178
[     516ms] [LOG] Bundle Alert: {type: threshold_exceeded, severity: error, message: Bundle size exceeds critical threshold: 1.22 MB, currentSize: 1280000, threshold: 1048576} @ http://localhost:5173/src/App.tsx:134
[     516ms] [LOG] 🔍 Starting bundle size monitoring... @ http://localhost:5173/src/services/bundleMonitoring.ts:32
[     517ms] [LOG] 🚨 Bundle Alert: Bundle size exceeds critical threshold: 1.22 MB @ http://localhost:5173/src/services/bundleMonitoring.ts:178
[     517ms] [LOG] Bundle Alert: {type: threshold_exceeded, severity: error, message: Bundle size exceeds critical threshold: 1.22 MB, currentSize: 1280000, threshold: 1048576} @ http://localhost:5173/src/App.tsx:134
[     518ms] [ERROR] Failed to load resource: the server responded with a status of 404 (Not Found) @ http://localhost:5173/api/v1/performance/metrics:0
[     519ms] [ERROR] Failed to load resource: the server responded with a status of 404 (Not Found) @ http://localhost:5173/api/v1/performance/metrics:0
[     519ms] [ERROR] Failed to load resource: the server responded with a status of 404 (Not Found) @ http://localhost:5173/api/v1/performance/metrics:0
[     541ms] [ERROR] Failed to load resource: the server responded with a status of 404 (Not Found) @ http://localhost:5173/api/v1/performance/metrics:0
[     739ms] [ERROR] Failed to load resource: the server responded with a status of 404 (Not Found) @ http://localhost:5173/api/v1/performance/metrics:0
[     965ms] [ERROR] Failed to load resource: the server responded with a status of 404 (Not Found) @ http://localhost:5173/api/v1/performance/metrics:0
[    1039ms] [ERROR] Invalid DOM property `%s`. Did you mean `%s`? fetchpriority fetchPriority @ http://localhost:5173/node_modules/.vite/deps/react-dom_client.js?v=94e81f43:2396
[    5611ms] [ERROR] Failed to load resource: the server responded with a status of 404 (Not Found) @ http://localhost:5173/api/v1/performance/metrics:0
[    5667ms] [ERROR] Failed to load resource: the server responded with a status of 404 () @ https://res.cloudinary.com/dczpwjplu/image/upload/v1/test.jpg:0
[   26404ms] [ERROR] Failed to load resource: the server responded with a status of 404 (Not Found) @ http://localhost:5173/api/v1/performance/metrics:0
[   26425ms] [ERROR] Failed to load resource: the server responded with a status of 404 (Not Found) @ http://localhost:5173/api/v1/performance/metrics:0
[   26478ms] [ERROR] Failed to load resource: the server responded with a status of 404 (Not Found) @ http://localhost:5173/api/v1/performance/metrics:0
[   30528ms] [LOG] 🚨 Bundle Alert: Bundle size exceeds critical threshold: 1.22 MB @ http://localhost:5173/src/services/bundleMonitoring.ts:178
[   30529ms] [LOG] Bundle Alert: {type: threshold_exceeded, severity: error, message: Bundle size exceeds critical threshold: 1.22 MB, currentSize: 1280000, threshold: 1048576} @ http://localhost:5173/src/App.tsx:134
[   30531ms] [LOG] 🚨 Bundle Alert: Bundle size exceeds critical threshold: 1.22 MB @ http://localhost:5173/src/services/bundleMonitoring.ts:178
[   30531ms] [LOG] Bundle Alert: {type: threshold_exceeded, severity: error, message: Bundle size exceeds critical threshold: 1.22 MB, currentSize: 1280000, threshold: 1048576} @ http://localhost:5173/src/App.tsx:134
[   60524ms] [LOG] 🚨 Bundle Alert: Bundle size exceeds critical threshold: 1.22 MB @ http://localhost:5173/src/services/bundleMonitoring.ts:178
[   60524ms] [LOG] Bundle Alert: {type: threshold_exceeded, severity: error, message: Bundle size exceeds critical threshold: 1.22 MB, currentSize: 1280000, threshold: 1048576} @ http://localhost:5173/src/App.tsx:134
[   60525ms] [LOG] 🚨 Bundle Alert: Bundle size exceeds critical threshold: 1.22 MB @ http://localhost:5173/src/services/bundleMonitoring.ts:178
[   60525ms] [LOG] Bundle Alert: {type: threshold_exceeded, severity: error, message: Bundle size exceeds critical threshold: 1.22 MB, currentSize: 1280000, threshold: 1048576} @ http://localhost:5173/src/App.tsx:134
[   90531ms] [LOG] 🚨 Bundle Alert: Bundle size exceeds critical threshold: 1.22 MB @ http://localhost:5173/src/services/bundleMonitoring.ts:178
[   90531ms] [LOG] Bundle Alert: {type: threshold_exceeded, severity: error, message: Bundle size exceeds critical threshold: 1.22 MB, currentSize: 1280000, threshold: 1048576} @ http://localhost:5173/src/App.tsx:134
[   90532ms] [LOG] 🚨 Bundle Alert: Bundle size exceeds critical threshold: 1.22 MB @ http://localhost:5173/src/services/bundleMonitoring.ts:178
[   90532ms] [LOG] Bundle Alert: {type: threshold_exceeded, severity: error, message: Bundle size exceeds critical threshold: 1.22 MB, currentSize: 1280000, threshold: 1048576} @ http://localhost:5173/src/App.tsx:134
[  120527ms] [LOG] 🚨 Bundle Alert: Bundle size exceeds critical threshold: 1.22 MB @ http://localhost:5173/src/services/bundleMonitoring.ts:178
[  120527ms] [LOG] Bundle Alert: {type: threshold_exceeded, severity: error, message: Bundle size exceeds critical threshold: 1.22 MB, currentSize: 1280000, threshold: 1048576} @ http://localhost:5173/src/App.tsx:134
[  120528ms] [LOG] 🚨 Bundle Alert: Bundle size exceeds critical threshold: 1.22 MB @ http://localhost:5173/src/services/bundleMonitoring.ts:178
[  120529ms] [LOG] Bundle Alert: {type: threshold_exceeded, severity: error, message: Bundle size exceeds critical threshold: 1.22 MB, currentSize: 1280000, threshold: 1048576} @ http://localhost:5173/src/App.tsx:134
[  150524ms] [LOG] 🚨 Bundle Alert: Bundle size exceeds critical threshold: 1.22 MB @ http://localhost:5173/src/services/bundleMonitoring.ts:178
[  150524ms] [LOG] Bundle Alert: {type: threshold_exceeded, severity: error, message: Bundle size exceeds critical threshold: 1.22 MB, currentSize: 1280000, threshold: 1048576} @ http://localhost:5173/src/App.tsx:134
[  150525ms] [LOG] 🚨 Bundle Alert: Bundle size exceeds critical threshold: 1.22 MB @ http://localhost:5173/src/services/bundleMonitoring.ts:178
[  150525ms] [LOG] Bundle Alert: {type: threshold_exceeded, severity: error, message: Bundle size exceeds critical threshold: 1.22 MB, currentSize: 1280000, threshold: 1048576} @ http://localhost:5173/src/App.tsx:134
[  180524ms] [LOG] 🚨 Bundle Alert: Bundle size exceeds critical threshold: 1.22 MB @ http://localhost:5173/src/services/bundleMonitoring.ts:178
[  180524ms] [LOG] Bundle Alert: {type: threshold_exceeded, severity: error, message: Bundle size exceeds critical threshold: 1.22 MB, currentSize: 1280000, threshold: 1048576} @ http://localhost:5173/src/App.tsx:134
[  180525ms] [LOG] 🚨 Bundle Alert: Bundle size exceeds critical threshold: 1.22 MB @ http://localhost:5173/src/services/bundleMonitoring.ts:178
[  180525ms] [LOG] Bundle Alert: {type: threshold_exceeded, severity: error, message: Bundle size exceeds critical threshold: 1.22 MB, currentSize: 1280000, threshold: 1048576} @ http://localhost:5173/src/App.tsx:134
[  210526ms] [LOG] 🚨 Bundle Alert: Bundle size exceeds critical threshold: 1.22 MB @ http://localhost:5173/src/services/bundleMonitoring.ts:178
[  210526ms] [LOG] Bundle Alert: {type: threshold_exceeded, severity: error, message: Bundle size exceeds critical threshold: 1.22 MB, currentSize: 1280000, threshold: 1048576} @ http://localhost:5173/src/App.tsx:134
[  210527ms] [LOG] 🚨 Bundle Alert: Bundle size exceeds critical threshold: 1.22 MB @ http://localhost:5173/src/services/bundleMonitoring.ts:178
[  210527ms] [LOG] Bundle Alert: {type: threshold_exceeded, severity: error, message: Bundle size exceeds critical threshold: 1.22 MB, currentSize: 1280000, threshold: 1048576} @ http://localhost:5173/src/App.tsx:134
[  240526ms] [LOG] 🚨 Bundle Alert: Bundle size exceeds critical threshold: 1.22 MB @ http://localhost:5173/src/services/bundleMonitoring.ts:178
[  240526ms] [LOG] Bundle Alert: {type: threshold_exceeded, severity: error, message: Bundle size exceeds critical threshold: 1.22 MB, currentSize: 1280000, threshold: 1048576} @ http://localhost:5173/src/App.tsx:134
[  240527ms] [LOG] 🚨 Bundle Alert: Bundle size exceeds critical threshold: 1.22 MB @ http://localhost:5173/src/services/bundleMonitoring.ts:178
[  240527ms] [LOG] Bundle Alert: {type: threshold_exceeded, severity: error, message: Bundle size exceeds critical threshold: 1.22 MB, currentSize: 1280000, threshold: 1048576} @ http://localhost:5173/src/App.tsx:134
[  270520ms] [LOG] 🚨 Bundle Alert: Bundle size exceeds critical threshold: 1.22 MB @ http://localhost:5173/src/services/bundleMonitoring.ts:178
[  270520ms] [LOG] Bundle Alert: {type: threshold_exceeded, severity: error, message: Bundle size exceeds critical threshold: 1.22 MB, currentSize: 1280000, threshold: 1048576} @ http://localhost:5173/src/App.tsx:134
[  270521ms] [LOG] 🚨 Bundle Alert: Bundle size exceeds critical threshold: 1.22 MB @ http://localhost:5173/src/services/bundleMonitoring.ts:178
[  270521ms] [LOG] Bundle Alert: {type: threshold_exceeded, severity: error, message: Bundle size exceeds critical threshold: 1.22 MB, currentSize: 1280000, threshold: 1048576} @ http://localhost:5173/src/App.tsx:134
[  300525ms] [LOG] 🚨 Bundle Alert: Bundle size exceeds critical threshold: 1.22 MB @ http://localhost:5173/src/services/bundleMonitoring.ts:178
[  300526ms] [LOG] Bundle Alert: {type: threshold_exceeded, severity: error, message: Bundle size exceeds critical threshold: 1.22 MB, currentSize: 1280000, threshold: 1048576} @ http://localhost:5173/src/App.tsx:134
[  300527ms] [LOG] 🚨 Bundle Alert: Bundle size exceeds critical threshold: 1.22 MB @ http://localhost:5173/src/services/bundleMonitoring.ts:178
[  300527ms] [LOG] Bundle Alert: {type: threshold_exceeded, severity: error, message: Bundle size exceeds critical threshold: 1.22 MB, currentSize: 1280000, threshold: 1048576} @ http://localhost:5173/src/App.tsx:134
[  330523ms] [LOG] 🚨 Bundle Alert: Bundle size exceeds critical threshold: 1.22 MB @ http://localhost:5173/src/services/bundleMonitoring.ts:178
[  330524ms] [LOG] Bundle Alert: {type: threshold_exceeded, severity: error, message: Bundle size exceeds critical threshold: 1.22 MB, currentSize: 1280000, threshold: 1048576} @ http://localhost:5173/src/App.tsx:134
[  330525ms] [LOG] 🚨 Bundle Alert: Bundle size exceeds critical threshold: 1.22 MB @ http://localhost:5173/src/services/bundleMonitoring.ts:178
[  330525ms] [LOG] Bundle Alert: {type: threshold_exceeded, severity: error, message: Bundle size exceeds critical threshold: 1.22 MB, currentSize: 1280000, threshold: 1048576} @ http://localhost:5173/src/App.tsx:134
[  360517ms] [LOG] 🚨 Bundle Alert: Bundle size exceeds critical threshold: 1.22 MB @ http://localhost:5173/src/services/bundleMonitoring.ts:178
[  360518ms] [LOG] Bundle Alert: {type: threshold_exceeded, severity: error, message: Bundle size exceeds critical threshold: 1.22 MB, currentSize: 1280000, threshold: 1048576} @ http://localhost:5173/src/App.tsx:134
[  360519ms] [LOG] 🚨 Bundle Alert: Bundle size exceeds critical threshold: 1.22 MB @ http://localhost:5173/src/services/bundleMonitoring.ts:178
[  360519ms] [LOG] Bundle Alert: {type: threshold_exceeded, severity: error, message: Bundle size exceeds critical threshold: 1.22 MB, currentSize: 1280000, threshold: 1048576} @ http://localhost:5173/src/App.tsx:134
[  390528ms] [LOG] 🚨 Bundle Alert: Bundle size exceeds critical threshold: 1.22 MB @ http://localhost:5173/src/services/bundleMonitoring.ts:178
[  390528ms] [LOG] Bundle Alert: {type: threshold_exceeded, severity: error, message: Bundle size exceeds critical threshold: 1.22 MB, currentSize: 1280000, threshold: 1048576} @ http://localhost:5173/src/App.tsx:134
[  390529ms] [LOG] 🚨 Bundle Alert: Bundle size exceeds critical threshold: 1.22 MB @ http://localhost:5173/src/services/bundleMonitoring.ts:178
[  390529ms] [LOG] Bundle Alert: {type: threshold_exceeded, severity: error, message: Bundle size exceeds critical threshold: 1.22 MB, currentSize: 1280000, threshold: 1048576} @ http://localhost:5173/src/App.tsx:134
[  420515ms] [LOG] 🚨 Bundle Alert: Bundle size exceeds critical threshold: 1.22 MB @ http://localhost:5173/src/services/bundleMonitoring.ts:178
[  420516ms] [LOG] Bundle Alert: {type: threshold_exceeded, severity: error, message: Bundle size exceeds critical threshold: 1.22 MB, currentSize: 1280000, threshold: 1048576} @ http://localhost:5173/src/App.tsx:134
[  420517ms] [LOG] 🚨 Bundle Alert: Bundle size exceeds critical threshold: 1.22 MB @ http://localhost:5173/src/services/bundleMonitoring.ts:178
[  420517ms] [LOG] Bundle Alert: {type: threshold_exceeded, severity: error, message: Bundle size exceeds critical threshold: 1.22 MB, currentSize: 1280000, threshold: 1048576} @ http://localhost:5173/src/App.tsx:134
[  450519ms] [LOG] 🚨 Bundle Alert: Bundle size exceeds critical threshold: 1.22 MB @ http://localhost:5173/src/services/bundleMonitoring.ts:178
[  450520ms] [LOG] Bundle Alert: {type: threshold_exceeded, severity: error, message: Bundle size exceeds critical threshold: 1.22 MB, currentSize: 1280000, threshold: 1048576} @ http://localhost:5173/src/App.tsx:134
[  450521ms] [LOG] 🚨 Bundle Alert: Bundle size exceeds critical threshold: 1.22 MB @ http://localhost:5173/src/services/bundleMonitoring.ts:178
[  450521ms] [LOG] Bundle Alert: {type: threshold_exceeded, severity: error, message: Bundle size exceeds critical threshold: 1.22 MB, currentSize: 1280000, threshold: 1048576} @ http://localhost:5173/src/App.tsx:134
[  480516ms] [LOG] 🚨 Bundle Alert: Bundle size exceeds critical threshold: 1.22 MB @ http://localhost:5173/src/services/bundleMonitoring.ts:178
[  480516ms] [LOG] Bundle Alert: {type: threshold_exceeded, severity: error, message: Bundle size exceeds critical threshold: 1.22 MB, currentSize: 1280000, threshold: 1048576} @ http://localhost:5173/src/App.tsx:134
[  480517ms] [LOG] 🚨 Bundle Alert: Bundle size exceeds critical threshold: 1.22 MB @ http://localhost:5173/src/services/bundleMonitoring.ts:178
[  480517ms] [LOG] Bundle Alert: {type: threshold_exceeded, severity: error, message: Bundle size exceeds critical threshold: 1.22 MB, currentSize: 1280000, threshold: 1048576} @ http://localhost:5173/src/App.tsx:134
[  510516ms] [LOG] 🚨 Bundle Alert: Bundle size exceeds critical threshold: 1.22 MB @ http://localhost:5173/src/services/bundleMonitoring.ts:178
[  510516ms] [LOG] Bundle Alert: {type: threshold_exceeded, severity: error, message: Bundle size exceeds critical threshold: 1.22 MB, currentSize: 1280000, threshold: 1048576} @ http://localhost:5173/src/App.tsx:134
[  510517ms] [LOG] 🚨 Bundle Alert: Bundle size exceeds critical threshold: 1.22 MB @ http://localhost:5173/src/services/bundleMonitoring.ts:178
[  510517ms] [LOG] Bundle Alert: {type: threshold_exceeded, severity: error, message: Bundle size exceeds critical threshold: 1.22 MB, currentSize: 1280000, threshold: 1048576} @ http://localhost:5173/src/App.tsx:134
[  540525ms] [LOG] 🚨 Bundle Alert: Bundle size exceeds critical threshold: 1.22 MB @ http://localhost:5173/src/services/bundleMonitoring.ts:178
[  540525ms] [LOG] Bundle Alert: {type: threshold_exceeded, severity: error, message: Bundle size exceeds critical threshold: 1.22 MB, currentSize: 1280000, threshold: 1048576} @ http://localhost:5173/src/App.tsx:134
[  540526ms] [LOG] 🚨 Bundle Alert: Bundle size exceeds critical threshold: 1.22 MB @ http://localhost:5173/src/services/bundleMonitoring.ts:178
[  540526ms] [LOG] Bundle Alert: {type: threshold_exceeded, severity: error, message: Bundle size exceeds critical threshold: 1.22 MB, currentSize: 1280000, threshold: 1048576} @ http://localhost:5173/src/App.tsx:134
[  570521ms] [LOG] 🚨 Bundle Alert: Bundle size exceeds critical threshold: 1.22 MB @ http://localhost:5173/src/services/bundleMonitoring.ts:178
[  570521ms] [LOG] Bundle Alert: {type: threshold_exceeded, severity: error, message: Bundle size exceeds critical threshold: 1.22 MB, currentSize: 1280000, threshold: 1048576} @ http://localhost:5173/src/App.tsx:134
[  570522ms] [LOG] 🚨 Bundle Alert: Bundle size exceeds critical threshold: 1.22 MB @ http://localhost:5173/src/services/bundleMonitoring.ts:178
[  570522ms] [LOG] Bundle Alert: {type: threshold_exceeded, severity: error, message: Bundle size exceeds critical threshold: 1.22 MB, currentSize: 1280000, threshold: 1048576} @ http://localhost:5173/src/App.tsx:134
[  600525ms] [LOG] 🚨 Bundle Alert: Bundle size exceeds critical threshold: 1.22 MB @ http://localhost:5173/src/services/bundleMonitoring.ts:178
[  600526ms] [LOG] Bundle Alert: {type: threshold_exceeded, severity: error, message: Bundle size exceeds critical threshold: 1.22 MB, currentSize: 1280000, threshold: 1048576} @ http://localhost:5173/src/App.tsx:134
[  600527ms] [LOG] 🚨 Bundle Alert: Bundle size exceeds critical threshold: 1.22 MB @ http://localhost:5173/src/services/bundleMonitoring.ts:178
[  600527ms] [LOG] Bundle Alert: {type: threshold_exceeded, severity: error, message: Bundle size exceeds critical threshold: 1.22 MB, currentSize: 1280000, threshold: 1048576} @ http://localhost:5173/src/App.tsx:134
[  630520ms] [LOG] 🚨 Bundle Alert: Bundle size exceeds critical threshold: 1.22 MB @ http://localhost:5173/src/services/bundleMonitoring.ts:178
[  630520ms] [LOG] Bundle Alert: {type: threshold_exceeded, severity: error, message: Bundle size exceeds critical threshold: 1.22 MB, currentSize: 1280000, threshold: 1048576} @ http://localhost:5173/src/App.tsx:134
[  630522ms] [LOG] 🚨 Bundle Alert: Bundle size exceeds critical threshold: 1.22 MB @ http://localhost:5173/src/services/bundleMonitoring.ts:178
[  630522ms] [LOG] Bundle Alert: {type: threshold_exceeded, severity: error, message: Bundle size exceeds critical threshold: 1.22 MB, currentSize: 1280000, threshold: 1048576} @ http://localhost:5173/src/App.tsx:134
[  660518ms] [LOG] 🚨 Bundle Alert: Bundle size exceeds critical threshold: 1.22 MB @ http://localhost:5173/src/services/bundleMonitoring.ts:178
[  660518ms] [LOG] Bundle Alert: {type: threshold_exceeded, severity: error, message: Bundle size exceeds critical threshold: 1.22 MB, currentSize: 1280000, threshold: 1048576} @ http://localhost:5173/src/App.tsx:134
[  660519ms] [LOG] 🚨 Bundle Alert: Bundle size exceeds critical threshold: 1.22 MB @ http://localhost:5173/src/services/bundleMonitoring.ts:178
[  660519ms] [LOG] Bundle Alert: {type: threshold_exceeded, severity: error, message: Bundle size exceeds critical threshold: 1.22 MB, currentSize: 1280000, threshold: 1048576} @ http://localhost:5173/src/App.tsx:134
[  690518ms] [LOG] 🚨 Bundle Alert: Bundle size exceeds critical threshold: 1.22 MB @ http://localhost:5173/src/services/bundleMonitoring.ts:178
[  690519ms] [LOG] Bundle Alert: {type: threshold_exceeded, severity: error, message: Bundle size exceeds critical threshold: 1.22 MB, currentSize: 1280000, threshold: 1048576} @ http://localhost:5173/src/App.tsx:134
[  690519ms] [LOG] 🚨 Bundle Alert: Bundle size exceeds critical threshold: 1.22 MB @ http://localhost:5173/src/services/bundleMonitoring.ts:178
[  690519ms] [LOG] Bundle Alert: {type: threshold_exceeded, severity: error, message: Bundle size exceeds critical threshold: 1.22 MB, currentSize: 1280000, threshold: 1048576} @ http://localhost:5173/src/App.tsx:134
[  720527ms] [LOG] 🚨 Bundle Alert: Bundle size exceeds critical threshold: 1.22 MB @ http://localhost:5173/src/services/bundleMonitoring.ts:178
[  720527ms] [LOG] Bundle Alert: {type: threshold_exceeded, severity: error, message: Bundle size exceeds critical threshold: 1.22 MB, currentSize: 1280000, threshold: 1048576} @ http://localhost:5173/src/App.tsx:134
[  720529ms] [LOG] 🚨 Bundle Alert: Bundle size exceeds critical threshold: 1.22 MB @ http://localhost:5173/src/services/bundleMonitoring.ts:178
[  720529ms] [LOG] Bundle Alert: {type: threshold_exceeded, severity: error, message: Bundle size exceeds critical threshold: 1.22 MB, currentSize: 1280000, threshold: 1048576} @ http://localhost:5173/src/App.tsx:134
[  750524ms] [LOG] 🚨 Bundle Alert: Bundle size exceeds critical threshold: 1.22 MB @ http://localhost:5173/src/services/bundleMonitoring.ts:178
[  750525ms] [LOG] Bundle Alert: {type: threshold_exceeded, severity: error, message: Bundle size exceeds critical threshold: 1.22 MB, currentSize: 1280000, threshold: 1048576} @ http://localhost:5173/src/App.tsx:134
[  750525ms] [LOG] 🚨 Bundle Alert: Bundle size exceeds critical threshold: 1.22 MB @ http://localhost:5173/src/services/bundleMonitoring.ts:178
[  750525ms] [LOG] Bundle Alert: {type: threshold_exceeded, severity: error, message: Bundle size exceeds critical threshold: 1.22 MB, currentSize: 1280000, threshold: 1048576} @ http://localhost:5173/src/App.tsx:134
[  780520ms] [LOG] 🚨 Bundle Alert: Bundle size exceeds critical threshold: 1.22 MB @ http://localhost:5173/src/services/bundleMonitoring.ts:178
[  780521ms] [LOG] Bundle Alert: {type: threshold_exceeded, severity: error, message: Bundle size exceeds critical threshold: 1.22 MB, currentSize: 1280000, threshold: 1048576} @ http://localhost:5173/src/App.tsx:134
[  780522ms] [LOG] 🚨 Bundle Alert: Bundle size exceeds critical threshold: 1.22 MB @ http://localhost:5173/src/services/bundleMonitoring.ts:178
[  780522ms] [LOG] Bundle Alert: {type: threshold_exceeded, severity: error, message: Bundle size exceeds critical threshold: 1.22 MB, currentSize: 1280000, threshold: 1048576} @ http://localhost:5173/src/App.tsx:134
[  810516ms] [LOG] 🚨 Bundle Alert: Bundle size exceeds critical threshold: 1.22 MB @ http://localhost:5173/src/services/bundleMonitoring.ts:178
[  810517ms] [LOG] Bundle Alert: {type: threshold_exceeded, severity: error, message: Bundle size exceeds critical threshold: 1.22 MB, currentSize: 1280000, threshold: 1048576} @ http://localhost:5173/src/App.tsx:134
[  810517ms] [LOG] 🚨 Bundle Alert: Bundle size exceeds critical threshold: 1.22 MB @ http://localhost:5173/src/services/bundleMonitoring.ts:178
[  810518ms] [LOG] Bundle Alert: {type: threshold_exceeded, severity: error, message: Bundle size exceeds critical threshold: 1.22 MB, currentSize: 1280000, threshold: 1048576} @ http://localhost:5173/src/App.tsx:134
[  840520ms] [LOG] 🚨 Bundle Alert: Bundle size exceeds critical threshold: 1.22 MB @ http://localhost:5173/src/services/bundleMonitoring.ts:178
[  840520ms] [LOG] Bundle Alert: {type: threshold_exceeded, severity: error, message: Bundle size exceeds critical threshold: 1.22 MB, currentSize: 1280000, threshold: 1048576} @ http://localhost:5173/src/App.tsx:134
[  840521ms] [LOG] 🚨 Bundle Alert: Bundle size exceeds critical threshold: 1.22 MB @ http://localhost:5173/src/services/bundleMonitoring.ts:178
[  840521ms] [LOG] Bundle Alert: {type: threshold_exceeded, severity: error, message: Bundle size exceeds critical threshold: 1.22 MB, currentSize: 1280000, threshold: 1048576} @ http://localhost:5173/src/App.tsx:134
[  870522ms] [LOG] 🚨 Bundle Alert: Bundle size exceeds critical threshold: 1.22 MB @ http://localhost:5173/src/services/bundleMonitoring.ts:178
[  870523ms] [LOG] Bundle Alert: {type: threshold_exceeded, severity: error, message: Bundle size exceeds critical threshold: 1.22 MB, currentSize: 1280000, threshold: 1048576} @ http://localhost:5173/src/App.tsx:134
[  870523ms] [LOG] 🚨 Bundle Alert: Bundle size exceeds critical threshold: 1.22 MB @ http://localhost:5173/src/services/bundleMonitoring.ts:178
[  870523ms] [LOG] Bundle Alert: {type: threshold_exceeded, severity: error, message: Bundle size exceeds critical threshold: 1.22 MB, currentSize: 1280000, threshold: 1048576} @ http://localhost:5173/src/App.tsx:134
[  900525ms] [LOG] 🚨 Bundle Alert: Bundle size exceeds critical threshold: 1.22 MB @ http://localhost:5173/src/services/bundleMonitoring.ts:178
[  900525ms] [LOG] Bundle Alert: {type: threshold_exceeded, severity: error, message: Bundle size exceeds critical threshold: 1.22 MB, currentSize: 1280000, threshold: 1048576} @ http://localhost:5173/src/App.tsx:134
[  900526ms] [LOG] 🚨 Bundle Alert: Bundle size exceeds critical threshold: 1.22 MB @ http://localhost:5173/src/services/bundleMonitoring.ts:178
[  900526ms] [LOG] Bundle Alert: {type: threshold_exceeded, severity: error, message: Bundle size exceeds critical threshold: 1.22 MB, currentSize: 1280000, threshold: 1048576} @ http://localhost:5173/src/App.tsx:134
[  930529ms] [LOG] 🚨 Bundle Alert: Bundle size exceeds critical threshold: 1.22 MB @ http://localhost:5173/src/services/bundleMonitoring.ts:178
[  930529ms] [LOG] Bundle Alert: {type: threshold_exceeded, severity: error, message: Bundle size exceeds critical threshold: 1.22 MB, currentSize: 1280000, threshold: 1048576} @ http://localhost:5173/src/App.tsx:134
[  930530ms] [LOG] 🚨 Bundle Alert: Bundle size exceeds critical threshold: 1.22 MB @ http://localhost:5173/src/services/bundleMonitoring.ts:178
[  930530ms] [LOG] Bundle Alert: {type: threshold_exceeded, severity: error, message: Bundle size exceeds critical threshold: 1.22 MB, currentSize: 1280000, threshold: 1048576} @ http://localhost:5173/src/App.tsx:134
[  960523ms] [LOG] 🚨 Bundle Alert: Bundle size exceeds critical threshold: 1.22 MB @ http://localhost:5173/src/services/bundleMonitoring.ts:178
[  960523ms] [LOG] Bundle Alert: {type: threshold_exceeded, severity: error, message: Bundle size exceeds critical threshold: 1.22 MB, currentSize: 1280000, threshold: 1048576} @ http://localhost:5173/src/App.tsx:134
[  960523ms] [LOG] 🚨 Bundle Alert: Bundle size exceeds critical threshold: 1.22 MB @ http://localhost:5173/src/services/bundleMonitoring.ts:178
[  960523ms] [LOG] Bundle Alert: {type: threshold_exceeded, severity: error, message: Bundle size exceeds critical threshold: 1.22 MB, currentSize: 1280000, threshold: 1048576} @ http://localhost:5173/src/App.tsx:134
[  990515ms] [LOG] 🚨 Bundle Alert: Bundle size exceeds critical threshold: 1.22 MB @ http://localhost:5173/src/services/bundleMonitoring.ts:178
[  990516ms] [LOG] Bundle Alert: {type: threshold_exceeded, severity: error, message: Bundle size exceeds critical threshold: 1.22 MB, currentSize: 1280000, threshold: 1048576} @ http://localhost:5173/src/App.tsx:134
[  990518ms] [LOG] 🚨 Bundle Alert: Bundle size exceeds critical threshold: 1.22 MB @ http://localhost:5173/src/services/bundleMonitoring.ts:178
[  990518ms] [LOG] Bundle Alert: {type: threshold_exceeded, severity: error, message: Bundle size exceeds critical threshold: 1.22 MB, currentSize: 1280000, threshold: 1048576} @ http://localhost:5173/src/App.tsx:134
[ 1020517ms] [LOG] 🚨 Bundle Alert: Bundle size exceeds critical threshold: 1.22 MB @ http://localhost:5173/src/services/bundleMonitoring.ts:178
[ 1020518ms] [LOG] Bundle Alert: {type: threshold_exceeded, severity: error, message: Bundle size exceeds critical threshold: 1.22 MB, currentSize: 1280000, threshold: 1048576} @ http://localhost:5173/src/App.tsx:134
[ 1020519ms] [LOG] 🚨 Bundle Alert: Bundle size exceeds critical threshold: 1.22 MB @ http://localhost:5173/src/services/bundleMonitoring.ts:178
[ 1020519ms] [LOG] Bundle Alert: {type: threshold_exceeded, severity: error, message: Bundle size exceeds critical threshold: 1.22 MB, currentSize: 1280000, threshold: 1048576} @ http://localhost:5173/src/App.tsx:134
[ 1050523ms] [LOG] 🚨 Bundle Alert: Bundle size exceeds critical threshold: 1.22 MB @ http://localhost:5173/src/services/bundleMonitoring.ts:178
[ 1050523ms] [LOG] Bundle Alert: {type: threshold_exceeded, severity: error, message: Bundle size exceeds critical threshold: 1.22 MB, currentSize: 1280000, threshold: 1048576} @ http://localhost:5173/src/App.tsx:134
[ 1050524ms] [LOG] 🚨 Bundle Alert: Bundle size exceeds critical threshold: 1.22 MB @ http://localhost:5173/src/services/bundleMonitoring.ts:178
[ 1050524ms] [LOG] Bundle Alert: {type: threshold_exceeded, severity: error, message: Bundle size exceeds critical threshold: 1.22 MB, currentSize: 1280000, threshold: 1048576} @ http://localhost:5173/src/App.tsx:134
[ 1080519ms] [LOG] 🚨 Bundle Alert: Bundle size exceeds critical threshold: 1.22 MB @ http://localhost:5173/src/services/bundleMonitoring.ts:178
[ 1080519ms] [LOG] Bundle Alert: {type: threshold_exceeded, severity: error, message: Bundle size exceeds critical threshold: 1.22 MB, currentSize: 1280000, threshold: 1048576} @ http://localhost:5173/src/App.tsx:134
[ 1080520ms] [LOG] 🚨 Bundle Alert: Bundle size exceeds critical threshold: 1.22 MB @ http://localhost:5173/src/services/bundleMonitoring.ts:178
[ 1080520ms] [LOG] Bundle Alert: {type: threshold_exceeded, severity: error, message: Bundle size exceeds critical threshold: 1.22 MB, currentSize: 1280000, threshold: 1048576} @ http://localhost:5173/src/App.tsx:134
[ 1110520ms] [LOG] 🚨 Bundle Alert: Bundle size exceeds critical threshold: 1.22 MB @ http://localhost:5173/src/services/bundleMonitoring.ts:178
[ 1110520ms] [LOG] Bundle Alert: {type: threshold_exceeded, severity: error, message: Bundle size exceeds critical threshold: 1.22 MB, currentSize: 1280000, threshold: 1048576} @ http://localhost:5173/src/App.tsx:134
[ 1110521ms] [LOG] 🚨 Bundle Alert: Bundle size exceeds critical threshold: 1.22 MB @ http://localhost:5173/src/services/bundleMonitoring.ts:178
[ 1110522ms] [LOG] Bundle Alert: {type: threshold_exceeded, severity: error, message: Bundle size exceeds critical threshold: 1.22 MB, currentSize: 1280000, threshold: 1048576} @ http://localhost:5173/src/App.tsx:134
[ 1140526ms] [LOG] 🚨 Bundle Alert: Bundle size exceeds critical threshold: 1.22 MB @ http://localhost:5173/src/services/bundleMonitoring.ts:178
[ 1140527ms] [LOG] Bundle Alert: {type: threshold_exceeded, severity: error, message: Bundle size exceeds critical threshold: 1.22 MB, currentSize: 1280000, threshold: 1048576} @ http://localhost:5173/src/App.tsx:134
[ 1140528ms] [LOG] 🚨 Bundle Alert: Bundle size exceeds critical threshold: 1.22 MB @ http://localhost:5173/src/services/bundleMonitoring.ts:178
[ 1140528ms] [LOG] Bundle Alert: {type: threshold_exceeded, severity: error, message: Bundle size exceeds critical threshold: 1.22 MB, currentSize: 1280000, threshold: 1048576} @ http://localhost:5173/src/App.tsx:134
[ 1170528ms] [LOG] 🚨 Bundle Alert: Bundle size exceeds critical threshold: 1.22 MB @ http://localhost:5173/src/services/bundleMonitoring.ts:178
[ 1170529ms] [LOG] Bundle Alert: {type: threshold_exceeded, severity: error, message: Bundle size exceeds critical threshold: 1.22 MB, currentSize: 1280000, threshold: 1048576} @ http://localhost:5173/src/App.tsx:134
[ 1170529ms] [LOG] 🚨 Bundle Alert: Bundle size exceeds critical threshold: 1.22 MB @ http://localhost:5173/src/services/bundleMonitoring.ts:178
[ 1170530ms] [LOG] Bundle Alert: {type: threshold_exceeded, severity: error, message: Bundle size exceeds critical threshold: 1.22 MB, currentSize: 1280000, threshold: 1048576} @ http://localhost:5173/src/App.tsx:134
[ 1200530ms] [LOG] 🚨 Bundle Alert: Bundle size exceeds critical threshold: 1.22 MB @ http://localhost:5173/src/services/bundleMonitoring.ts:178
[ 1200531ms] [LOG] Bundle Alert: {type: threshold_exceeded, severity: error, message: Bundle size exceeds critical threshold: 1.22 MB, currentSize: 1280000, threshold: 1048576} @ http://localhost:5173/src/App.tsx:134
[ 1200531ms] [LOG] 🚨 Bundle Alert: Bundle size exceeds critical threshold: 1.22 MB @ http://localhost:5173/src/services/bundleMonitoring.ts:178
[ 1200531ms] [LOG] Bundle Alert: {type: threshold_exceeded, severity: error, message: Bundle size exceeds critical threshold: 1.22 MB, currentSize: 1280000, threshold: 1048576} @ http://localhost:5173/src/App.tsx:134
[ 1230530ms] [LOG] 🚨 Bundle Alert: Bundle size exceeds critical threshold: 1.22 MB @ http://localhost:5173/src/services/bundleMonitoring.ts:178
[ 1230530ms] [LOG] Bundle Alert: {type: threshold_exceeded, severity: error, message: Bundle size exceeds critical threshold: 1.22 MB, currentSize: 1280000, threshold: 1048576} @ http://localhost:5173/src/App.tsx:134
[ 1230531ms] [LOG] 🚨 Bundle Alert: Bundle size exceeds critical threshold: 1.22 MB @ http://localhost:5173/src/services/bundleMonitoring.ts:178
[ 1230531ms] [LOG] Bundle Alert: {type: threshold_exceeded, severity: error, message: Bundle size exceeds critical threshold: 1.22 MB, currentSize: 1280000, threshold: 1048576} @ http://localhost:5173/src/App.tsx:134
[ 1260524ms] [LOG] 🚨 Bundle Alert: Bundle size exceeds critical threshold: 1.22 MB @ http://localhost:5173/src/services/bundleMonitoring.ts:178
[ 1260525ms] [LOG] Bundle Alert: {type: threshold_exceeded, severity: error, message: Bundle size exceeds critical threshold: 1.22 MB, currentSize: 1280000, threshold: 1048576} @ http://localhost:5173/src/App.tsx:134
[ 1260529ms] [LOG] 🚨 Bundle Alert: Bundle size exceeds critical threshold: 1.22 MB @ http://localhost:5173/src/services/bundleMonitoring.ts:178
[ 1260530ms] [LOG] Bundle Alert: {type: threshold_exceeded, severity: error, message: Bundle size exceeds critical threshold: 1.22 MB, currentSize: 1280000, threshold: 1048576} @ http://localhost:5173/src/App.tsx:134
[ 1290517ms] [LOG] 🚨 Bundle Alert: Bundle size exceeds critical threshold: 1.22 MB @ http://localhost:5173/src/services/bundleMonitoring.ts:178
[ 1290517ms] [LOG] Bundle Alert: {type: threshold_exceeded, severity: error, message: Bundle size exceeds critical threshold: 1.22 MB, currentSize: 1280000, threshold: 1048576} @ http://localhost:5173/src/App.tsx:134
[ 1290518ms] [LOG] 🚨 Bundle Alert: Bundle size exceeds critical threshold: 1.22 MB @ http://localhost:5173/src/services/bundleMonitoring.ts:178
[ 1290518ms] [LOG] Bundle Alert: {type: threshold_exceeded, severity: error, message: Bundle size exceeds critical threshold: 1.22 MB, currentSize: 1280000, threshold: 1048576} @ http://localhost:5173/src/App.tsx:134
[ 1320516ms] [LOG] 🚨 Bundle Alert: Bundle size exceeds critical threshold: 1.22 MB @ http://localhost:5173/src/services/bundleMonitoring.ts:178
[ 1320516ms] [LOG] Bundle Alert: {type: threshold_exceeded, severity: error, message: Bundle size exceeds critical threshold: 1.22 MB, currentSize: 1280000, threshold: 1048576} @ http://localhost:5173/src/App.tsx:134
[ 1320518ms] [LOG] 🚨 Bundle Alert: Bundle size exceeds critical threshold: 1.22 MB @ http://localhost:5173/src/services/bundleMonitoring.ts:178
[ 1320518ms] [LOG] Bundle Alert: {type: threshold_exceeded, severity: error, message: Bundle size exceeds critical threshold: 1.22 MB, currentSize: 1280000, threshold: 1048576} @ http://localhost:5173/src/App.tsx:134
[ 1350525ms] [LOG] 🚨 Bundle Alert: Bundle size exceeds critical threshold: 1.22 MB @ http://localhost:5173/src/services/bundleMonitoring.ts:178
[ 1350525ms] [LOG] Bundle Alert: {type: threshold_exceeded, severity: error, message: Bundle size exceeds critical threshold: 1.22 MB, currentSize: 1280000, threshold: 1048576} @ http://localhost:5173/src/App.tsx:134
[ 1350528ms] [LOG] 🚨 Bundle Alert: Bundle size exceeds critical threshold: 1.22 MB @ http://localhost:5173/src/services/bundleMonitoring.ts:178
[ 1350528ms] [LOG] Bundle Alert: {type: threshold_exceeded, severity: error, message: Bundle size exceeds critical threshold: 1.22 MB, currentSize: 1280000, threshold: 1048576} @ http://localhost:5173/src/App.tsx:134
[ 1380517ms] [LOG] 🚨 Bundle Alert: Bundle size exceeds critical threshold: 1.22 MB @ http://localhost:5173/src/services/bundleMonitoring.ts:178
[ 1380517ms] [LOG] Bundle Alert: {type: threshold_exceeded, severity: error, message: Bundle size exceeds critical threshold: 1.22 MB, currentSize: 1280000, threshold: 1048576} @ http://localhost:5173/src/App.tsx:134
[ 1380518ms] [LOG] 🚨 Bundle Alert: Bundle size exceeds critical threshold: 1.22 MB @ http://localhost:5173/src/services/bundleMonitoring.ts:178
[ 1380518ms] [LOG] Bundle Alert: {type: threshold_exceeded, severity: error, message: Bundle size exceeds critical threshold: 1.22 MB, currentSize: 1280000, threshold: 1048576} @ http://localhost:5173/src/App.tsx:134
[ 1410525ms] [LOG] 🚨 Bundle Alert: Bundle size exceeds critical threshold: 1.22 MB @ http://localhost:5173/src/services/bundleMonitoring.ts:178
[ 1410525ms] [LOG] Bundle Alert: {type: threshold_exceeded, severity: error, message: Bundle size exceeds critical threshold: 1.22 MB, currentSize: 1280000, threshold: 1048576} @ http://localhost:5173/src/App.tsx:134
[ 1410530ms] [LOG] 🚨 Bundle Alert: Bundle size exceeds critical threshold: 1.22 MB @ http://localhost:5173/src/services/bundleMonitoring.ts:178
[ 1410530ms] [LOG] Bundle Alert: {type: threshold_exceeded, severity: error, message: Bundle size exceeds critical threshold: 1.22 MB, currentSize: 1280000, threshold: 1048576} @ http://localhost:5173/src/App.tsx:134
[ 1440521ms] [LOG] 🚨 Bundle Alert: Bundle size exceeds critical threshold: 1.22 MB @ http://localhost:5173/src/services/bundleMonitoring.ts:178
[ 1440521ms] [LOG] Bundle Alert: {type: threshold_exceeded, severity: error, message: Bundle size exceeds critical threshold: 1.22 MB, currentSize: 1280000, threshold: 1048576} @ http://localhost:5173/src/App.tsx:134
[ 1440522ms] [LOG] 🚨 Bundle Alert: Bundle size exceeds critical threshold: 1.22 MB @ http://localhost:5173/src/services/bundleMonitoring.ts:178
[ 1440522ms] [LOG] Bundle Alert: {type: threshold_exceeded, severity: error, message: Bundle size exceeds critical threshold: 1.22 MB, currentSize: 1280000, threshold: 1048576} @ http://localhost:5173/src/App.tsx:134
[ 1470527ms] [LOG] 🚨 Bundle Alert: Bundle size exceeds critical threshold: 1.22 MB @ http://localhost:5173/src/services/bundleMonitoring.ts:178
[ 1470528ms] [LOG] Bundle Alert: {type: threshold_exceeded, severity: error, message: Bundle size exceeds critical threshold: 1.22 MB, currentSize: 1280000, threshold: 1048576} @ http://localhost:5173/src/App.tsx:134
[ 1470529ms] [LOG] 🚨 Bundle Alert: Bundle size exceeds critical threshold: 1.22 MB @ http://localhost:5173/src/services/bundleMonitoring.ts:178
[ 1470529ms] [LOG] Bundle Alert: {type: threshold_exceeded, severity: error, message: Bundle size exceeds critical threshold: 1.22 MB, currentSize: 1280000, threshold: 1048576} @ http://localhost:5173/src/App.tsx:134
[ 1500523ms] [LOG] 🚨 Bundle Alert: Bundle size exceeds critical threshold: 1.22 MB @ http://localhost:5173/src/services/bundleMonitoring.ts:178
[ 1500523ms] [LOG] Bundle Alert: {type: threshold_exceeded, severity: error, message: Bundle size exceeds critical threshold: 1.22 MB, currentSize: 1280000, threshold: 1048576} @ http://localhost:5173/src/App.tsx:134
[ 1500524ms] [LOG] 🚨 Bundle Alert: Bundle size exceeds critical threshold: 1.22 MB @ http://localhost:5173/src/services/bundleMonitoring.ts:178
[ 1500524ms] [LOG] Bundle Alert: {type: threshold_exceeded, severity: error, message: Bundle size exceeds critical threshold: 1.22 MB, currentSize: 1280000, threshold: 1048576} @ http://localhost:5173/src/App.tsx:134
[ 1530525ms] [LOG] 🚨 Bundle Alert: Bundle size exceeds critical threshold: 1.22 MB @ http://localhost:5173/src/services/bundleMonitoring.ts:178
[ 1530525ms] [LOG] Bundle Alert: {type: threshold_exceeded, severity: error, message: Bundle size exceeds critical threshold: 1.22 MB, currentSize: 1280000, threshold: 1048576} @ http://localhost:5173/src/App.tsx:134
[ 1530526ms] [LOG] 🚨 Bundle Alert: Bundle size exceeds critical threshold: 1.22 MB @ http://localhost:5173/src/services/bundleMonitoring.ts:178
[ 1530526ms] [LOG] Bundle Alert: {type: threshold_exceeded, severity: error, message: Bundle size exceeds critical threshold: 1.22 MB, currentSize: 1280000, threshold: 1048576} @ http://localhost:5173/src/App.tsx:134
[ 1560518ms] [LOG] 🚨 Bundle Alert: Bundle size exceeds critical threshold: 1.22 MB @ http://localhost:5173/src/services/bundleMonitoring.ts:178
[ 1560519ms] [LOG] Bundle Alert: {type: threshold_exceeded, severity: error, message: Bundle size exceeds critical threshold: 1.22 MB, currentSize: 1280000, threshold: 1048576} @ http://localhost:5173/src/App.tsx:134
[ 1560520ms] [LOG] 🚨 Bundle Alert: Bundle size exceeds critical threshold: 1.22 MB @ http://localhost:5173/src/services/bundleMonitoring.ts:178
[ 1560520ms] [LOG] Bundle Alert: {type: threshold_exceeded, severity: error, message: Bundle size exceeds critical threshold: 1.22 MB, currentSize: 1280000, threshold: 1048576} @ http://localhost:5173/src/App.tsx:134
[ 1590521ms] [LOG] 🚨 Bundle Alert: Bundle size exceeds critical threshold: 1.22 MB @ http://localhost:5173/src/services/bundleMonitoring.ts:178
[ 1590522ms] [LOG] Bundle Alert: {type: threshold_exceeded, severity: error, message: Bundle size exceeds critical threshold: 1.22 MB, currentSize: 1280000, threshold: 1048576} @ http://localhost:5173/src/App.tsx:134
[ 1590522ms] [LOG] 🚨 Bundle Alert: Bundle size exceeds critical threshold: 1.22 MB @ http://localhost:5173/src/services/bundleMonitoring.ts:178
[ 1590523ms] [LOG] Bundle Alert: {type: threshold_exceeded, severity: error, message: Bundle size exceeds critical threshold: 1.22 MB, currentSize: 1280000, threshold: 1048576} @ http://localhost:5173/src/App.tsx:134
[ 1620519ms] [LOG] 🚨 Bundle Alert: Bundle size exceeds critical threshold: 1.22 MB @ http://localhost:5173/src/services/bundleMonitoring.ts:178
[ 1620519ms] [LOG] Bundle Alert: {type: threshold_exceeded, severity: error, message: Bundle size exceeds critical threshold: 1.22 MB, currentSize: 1280000, threshold: 1048576} @ http://localhost:5173/src/App.tsx:134
[ 1620520ms] [LOG] 🚨 Bundle Alert: Bundle size exceeds critical threshold: 1.22 MB @ http://localhost:5173/src/services/bundleMonitoring.ts:178
[ 1620520ms] [LOG] Bundle Alert: {type: threshold_exceeded, severity: error, message: Bundle size exceeds critical threshold: 1.22 MB, currentSize: 1280000, threshold: 1048576} @ http://localhost:5173/src/App.tsx:134
[ 1650518ms] [LOG] 🚨 Bundle Alert: Bundle size exceeds critical threshold: 1.22 MB @ http://localhost:5173/src/services/bundleMonitoring.ts:178
[ 1650518ms] [LOG] Bundle Alert: {type: threshold_exceeded, severity: error, message: Bundle size exceeds critical threshold: 1.22 MB, currentSize: 1280000, threshold: 1048576} @ http://localhost:5173/src/App.tsx:134
[ 1650519ms] [LOG] 🚨 Bundle Alert: Bundle size exceeds critical threshold: 1.22 MB @ http://localhost:5173/src/services/bundleMonitoring.ts:178
[ 1650520ms] [LOG] Bundle Alert: {type: threshold_exceeded, severity: error, message: Bundle size exceeds critical threshold: 1.22 MB, currentSize: 1280000, threshold: 1048576} @ http://localhost:5173/src/App.tsx:134
[ 1680518ms] [LOG] 🚨 Bundle Alert: Bundle size exceeds critical threshold: 1.22 MB @ http://localhost:5173/src/services/bundleMonitoring.ts:178
[ 1680518ms] [LOG] Bundle Alert: {type: threshold_exceeded, severity: error, message: Bundle size exceeds critical threshold: 1.22 MB, currentSize: 1280000, threshold: 1048576} @ http://localhost:5173/src/App.tsx:134
[ 1680524ms] [LOG] 🚨 Bundle Alert: Bundle size exceeds critical threshold: 1.22 MB @ http://localhost:5173/src/services/bundleMonitoring.ts:178
[ 1680524ms] [LOG] Bundle Alert: {type: threshold_exceeded, severity: error, message: Bundle size exceeds critical threshold: 1.22 MB, currentSize: 1280000, threshold: 1048576} @ http://localhost:5173/src/App.tsx:134
[ 1710530ms] [LOG] 🚨 Bundle Alert: Bundle size exceeds critical threshold: 1.22 MB @ http://localhost:5173/src/services/bundleMonitoring.ts:178
[ 1710530ms] [LOG] Bundle Alert: {type: threshold_exceeded, severity: error, message: Bundle size exceeds critical threshold: 1.22 MB, currentSize: 1280000, threshold: 1048576} @ http://localhost:5173/src/App.tsx:134
[ 1710531ms] [LOG] 🚨 Bundle Alert: Bundle size exceeds critical threshold: 1.22 MB @ http://localhost:5173/src/services/bundleMonitoring.ts:178
[ 1710531ms] [LOG] Bundle Alert: {type: threshold_exceeded, severity: error, message: Bundle size exceeds critical threshold: 1.22 MB, currentSize: 1280000, threshold: 1048576} @ http://localhost:5173/src/App.tsx:134
[ 1740516ms] [LOG] 🚨 Bundle Alert: Bundle size exceeds critical threshold: 1.22 MB @ http://localhost:5173/src/services/bundleMonitoring.ts:178
[ 1740517ms] [LOG] Bundle Alert: {type: threshold_exceeded, severity: error, message: Bundle size exceeds critical threshold: 1.22 MB, currentSize: 1280000, threshold: 1048576} @ http://localhost:5173/src/App.tsx:134
[ 1740517ms] [LOG] 🚨 Bundle Alert: Bundle size exceeds critical threshold: 1.22 MB @ http://localhost:5173/src/services/bundleMonitoring.ts:178
[ 1740517ms] [LOG] Bundle Alert: {type: threshold_exceeded, severity: error, message: Bundle size exceeds critical threshold: 1.22 MB, currentSize: 1280000, threshold: 1048576} @ http://localhost:5173/src/App.tsx:134
[ 1770521ms] [LOG] 🚨 Bundle Alert: Bundle size exceeds critical threshold: 1.22 MB @ http://localhost:5173/src/services/bundleMonitoring.ts:178
[ 1770522ms] [LOG] Bundle Alert: {type: threshold_exceeded, severity: error, message: Bundle size exceeds critical threshold: 1.22 MB, currentSize: 1280000, threshold: 1048576} @ http://localhost:5173/src/App.tsx:134
[ 1770522ms] [LOG] 🚨 Bundle Alert: Bundle size exceeds critical threshold: 1.22 MB @ http://localhost:5173/src/services/bundleMonitoring.ts:178
[ 1770522ms] [LOG] Bundle Alert: {type: threshold_exceeded, severity: error, message: Bundle size exceeds critical threshold: 1.22 MB, currentSize: 1280000, threshold: 1048576} @ http://localhost:5173/src/App.tsx:134
[ 1800527ms] [LOG] 🚨 Bundle Alert: Bundle size exceeds critical threshold: 1.22 MB @ http://localhost:5173/src/services/bundleMonitoring.ts:178
[ 1800527ms] [LOG] Bundle Alert: {type: threshold_exceeded, severity: error, message: Bundle size exceeds critical threshold: 1.22 MB, currentSize: 1280000, threshold: 1048576} @ http://localhost:5173/src/App.tsx:134
[ 1800528ms] [LOG] 🚨 Bundle Alert: Bundle size exceeds critical threshold: 1.22 MB @ http://localhost:5173/src/services/bundleMonitoring.ts:178
[ 1800528ms] [LOG] Bundle Alert: {type: threshold_exceeded, severity: error, message: Bundle size exceeds critical threshold: 1.22 MB, currentSize: 1280000, threshold: 1048576} @ http://localhost:5173/src/App.tsx:134
[ 1830524ms] [LOG] 🚨 Bundle Alert: Bundle size exceeds critical threshold: 1.22 MB @ http://localhost:5173/src/services/bundleMonitoring.ts:178
[ 1830524ms] [LOG] Bundle Alert: {type: threshold_exceeded, severity: error, message: Bundle size exceeds critical threshold: 1.22 MB, currentSize: 1280000, threshold: 1048576} @ http://localhost:5173/src/App.tsx:134
[ 1830525ms] [LOG] 🚨 Bundle Alert: Bundle size exceeds critical threshold: 1.22 MB @ http://localhost:5173/src/services/bundleMonitoring.ts:178
[ 1830526ms] [LOG] Bundle Alert: {type: threshold_exceeded, severity: error, message: Bundle size exceeds critical threshold: 1.22 MB, currentSize: 1280000, threshold: 1048576} @ http://localhost:5173/src/App.tsx:134
[ 1860529ms] [LOG] 🚨 Bundle Alert: Bundle size exceeds critical threshold: 1.22 MB @ http://localhost:5173/src/services/bundleMonitoring.ts:178
[ 1860529ms] [LOG] Bundle Alert: {type: threshold_exceeded, severity: error, message: Bundle size exceeds critical threshold: 1.22 MB, currentSize: 1280000, threshold: 1048576} @ http://localhost:5173/src/App.tsx:134
[ 1860530ms] [LOG] 🚨 Bundle Alert: Bundle size exceeds critical threshold: 1.22 MB @ http://localhost:5173/src/services/bundleMonitoring.ts:178
[ 1860530ms] [LOG] Bundle Alert: {type: threshold_exceeded, severity: error, message: Bundle size exceeds critical threshold: 1.22 MB, currentSize: 1280000, threshold: 1048576} @ http://localhost:5173/src/App.tsx:134
[ 1890522ms] [LOG] 🚨 Bundle Alert: Bundle size exceeds critical threshold: 1.22 MB @ http://localhost:5173/src/services/bundleMonitoring.ts:178
[ 1890522ms] [LOG] Bundle Alert: {type: threshold_exceeded, severity: error, message: Bundle size exceeds critical threshold: 1.22 MB, currentSize: 1280000, threshold: 1048576} @ http://localhost:5173/src/App.tsx:134
[ 1890523ms] [LOG] 🚨 Bundle Alert: Bundle size exceeds critical threshold: 1.22 MB @ http://localhost:5173/src/services/bundleMonitoring.ts:178
[ 1890523ms] [LOG] Bundle Alert: {type: threshold_exceeded, severity: error, message: Bundle size exceeds critical threshold: 1.22 MB, currentSize: 1280000, threshold: 1048576} @ http://localhost:5173/src/App.tsx:134
[ 1920525ms] [LOG] 🚨 Bundle Alert: Bundle size exceeds critical threshold: 1.22 MB @ http://localhost:5173/src/services/bundleMonitoring.ts:178
[ 1920525ms] [LOG] Bundle Alert: {type: threshold_exceeded, severity: error, message: Bundle size exceeds critical threshold: 1.22 MB, currentSize: 1280000, threshold: 1048576} @ http://localhost:5173/src/App.tsx:134
[ 1920527ms] [LOG] 🚨 Bundle Alert: Bundle size exceeds critical threshold: 1.22 MB @ http://localhost:5173/src/services/bundleMonitoring.ts:178
[ 1920527ms] [LOG] Bundle Alert: {type: threshold_exceeded, severity: error, message: Bundle size exceeds critical threshold: 1.22 MB, currentSize: 1280000, threshold: 1048576} @ http://localhost:5173/src/App.tsx:134
[ 1950517ms] [LOG] 🚨 Bundle Alert: Bundle size exceeds critical threshold: 1.22 MB @ http://localhost:5173/src/services/bundleMonitoring.ts:178
[ 1950517ms] [LOG] Bundle Alert: {type: threshold_exceeded, severity: error, message: Bundle size exceeds critical threshold: 1.22 MB, currentSize: 1280000, threshold: 1048576} @ http://localhost:5173/src/App.tsx:134
[ 1950518ms] [LOG] 🚨 Bundle Alert: Bundle size exceeds critical threshold: 1.22 MB @ http://localhost:5173/src/services/bundleMonitoring.ts:178
[ 1950518ms] [LOG] Bundle Alert: {type: threshold_exceeded, severity: error, message: Bundle size exceeds critical threshold: 1.22 MB, currentSize: 1280000, threshold: 1048576} @ http://localhost:5173/src/App.tsx:134
[ 1980521ms] [LOG] 🚨 Bundle Alert: Bundle size exceeds critical threshold: 1.22 MB @ http://localhost:5173/src/services/bundleMonitoring.ts:178
[ 1980522ms] [LOG] Bundle Alert: {type: threshold_exceeded, severity: error, message: Bundle size exceeds critical threshold: 1.22 MB, currentSize: 1280000, threshold: 1048576} @ http://localhost:5173/src/App.tsx:134
[ 1980523ms] [LOG] 🚨 Bundle Alert: Bundle size exceeds critical threshold: 1.22 MB @ http://localhost:5173/src/services/bundleMonitoring.ts:178
[ 1980523ms] [LOG] Bundle Alert: {type: threshold_exceeded, severity: error, message: Bundle size exceeds critical threshold: 1.22 MB, currentSize: 1280000, threshold: 1048576} @ http://localhost:5173/src/App.tsx:134
[ 2010522ms] [LOG] 🚨 Bundle Alert: Bundle size exceeds critical threshold: 1.22 MB @ http://localhost:5173/src/services/bundleMonitoring.ts:178
[ 2010522ms] [LOG] Bundle Alert: {type: threshold_exceeded, severity: error, message: Bundle size exceeds critical threshold: 1.22 MB, currentSize: 1280000, threshold: 1048576} @ http://localhost:5173/src/App.tsx:134
[ 2010523ms] [LOG] 🚨 Bundle Alert: Bundle size exceeds critical threshold: 1.22 MB @ http://localhost:5173/src/services/bundleMonitoring.ts:178
[ 2010523ms] [LOG] Bundle Alert: {type: threshold_exceeded, severity: error, message: Bundle size exceeds critical threshold: 1.22 MB, currentSize: 1280000, threshold: 1048576} @ http://localhost:5173/src/App.tsx:134
[ 2040528ms] [LOG] 🚨 Bundle Alert: Bundle size exceeds critical threshold: 1.22 MB @ http://localhost:5173/src/services/bundleMonitoring.ts:178
[ 2040528ms] [LOG] Bundle Alert: {type: threshold_exceeded, severity: error, message: Bundle size exceeds critical threshold: 1.22 MB, currentSize: 1280000, threshold: 1048576} @ http://localhost:5173/src/App.tsx:134
[ 2040529ms] [LOG] 🚨 Bundle Alert: Bundle size exceeds critical threshold: 1.22 MB @ http://localhost:5173/src/services/bundleMonitoring.ts:178
[ 2040529ms] [LOG] Bundle Alert: {type: threshold_exceeded, severity: error, message: Bundle size exceeds critical threshold: 1.22 MB, currentSize: 1280000, threshold: 1048576} @ http://localhost:5173/src/App.tsx:134
[ 2070526ms] [LOG] 🚨 Bundle Alert: Bundle size exceeds critical threshold: 1.22 MB @ http://localhost:5173/src/services/bundleMonitoring.ts:178
[ 2070526ms] [LOG] Bundle Alert: {type: threshold_exceeded, severity: error, message: Bundle size exceeds critical threshold: 1.22 MB, currentSize: 1280000, threshold: 1048576} @ http://localhost:5173/src/App.tsx:134
[ 2070527ms] [LOG] 🚨 Bundle Alert: Bundle size exceeds critical threshold: 1.22 MB @ http://localhost:5173/src/services/bundleMonitoring.ts:178
[ 2070528ms] [LOG] Bundle Alert: {type: threshold_exceeded, severity: error, message: Bundle size exceeds critical threshold: 1.22 MB, currentSize: 1280000, threshold: 1048576} @ http://localhost:5173/src/App.tsx:134
[ 2100526ms] [LOG] 🚨 Bundle Alert: Bundle size exceeds critical threshold: 1.22 MB @ http://localhost:5173/src/services/bundleMonitoring.ts:178
[ 2100527ms] [LOG] Bundle Alert: {type: threshold_exceeded, severity: error, message: Bundle size exceeds critical threshold: 1.22 MB, currentSize: 1280000, threshold: 1048576} @ http://localhost:5173/src/App.tsx:134
[ 2100528ms] [LOG] 🚨 Bundle Alert: Bundle size exceeds critical threshold: 1.22 MB @ http://localhost:5173/src/services/bundleMonitoring.ts:178
[ 2100528ms] [LOG] Bundle Alert: {type: threshold_exceeded, severity: error, message: Bundle size exceeds critical threshold: 1.22 MB, currentSize: 1280000, threshold: 1048576} @ http://localhost:5173/src/App.tsx:134
[ 2130530ms] [LOG] 🚨 Bundle Alert: Bundle size exceeds critical threshold: 1.22 MB @ http://localhost:5173/src/services/bundleMonitoring.ts:178
[ 2130530ms] [LOG] Bundle Alert: {type: threshold_exceeded, severity: error, message: Bundle size exceeds critical threshold: 1.22 MB, currentSize: 1280000, threshold: 1048576} @ http://localhost:5173/src/App.tsx:134
[ 2130531ms] [LOG] 🚨 Bundle Alert: Bundle size exceeds critical threshold: 1.22 MB @ http://localhost:5173/src/services/bundleMonitoring.ts:178
[ 2130531ms] [LOG] Bundle Alert: {type: threshold_exceeded, severity: error, message: Bundle size exceeds critical threshold: 1.22 MB, currentSize: 1280000, threshold: 1048576} @ http://localhost:5173/src/App.tsx:134
[ 2160528ms] [LOG] 🚨 Bundle Alert: Bundle size exceeds critical threshold: 1.22 MB @ http://localhost:5173/src/services/bundleMonitoring.ts:178
[ 2160528ms] [LOG] Bundle Alert: {type: threshold_exceeded, severity: error, message: Bundle size exceeds critical threshold: 1.22 MB, currentSize: 1280000, threshold: 1048576} @ http://localhost:5173/src/App.tsx:134
[ 2160532ms] [LOG] 🚨 Bundle Alert: Bundle size exceeds critical threshold: 1.22 MB @ http://localhost:5173/src/services/bundleMonitoring.ts:178
[ 2160532ms] [LOG] Bundle Alert: {type: threshold_exceeded, severity: error, message: Bundle size exceeds critical threshold: 1.22 MB, currentSize: 1280000, threshold: 1048576} @ http://localhost:5173/src/App.tsx:134
[ 2190531ms] [LOG] 🚨 Bundle Alert: Bundle size exceeds critical threshold: 1.22 MB @ http://localhost:5173/src/services/bundleMonitoring.ts:178
[ 2190531ms] [LOG] Bundle Alert: {type: threshold_exceeded, severity: error, message: Bundle size exceeds critical threshold: 1.22 MB, currentSize: 1280000, threshold: 1048576} @ http://localhost:5173/src/App.tsx:134
[ 2190533ms] [LOG] 🚨 Bundle Alert: Bundle size exceeds critical threshold: 1.22 MB @ http://localhost:5173/src/services/bundleMonitoring.ts:178
[ 2190533ms] [LOG] Bundle Alert: {type: threshold_exceeded, severity: error, message: Bundle size exceeds critical threshold: 1.22 MB, currentSize: 1280000, threshold: 1048576} @ http://localhost:5173/src/App.tsx:134
[ 2220520ms] [LOG] 🚨 Bundle Alert: Bundle size exceeds critical threshold: 1.22 MB @ http://localhost:5173/src/services/bundleMonitoring.ts:178
[ 2220520ms] [LOG] Bundle Alert: {type: threshold_exceeded, severity: error, message: Bundle size exceeds critical threshold: 1.22 MB, currentSize: 1280000, threshold: 1048576} @ http://localhost:5173/src/App.tsx:134
[ 2220521ms] [LOG] 🚨 Bundle Alert: Bundle size exceeds critical threshold: 1.22 MB @ http://localhost:5173/src/services/bundleMonitoring.ts:178
[ 2220521ms] [LOG] Bundle Alert: {type: threshold_exceeded, severity: error, message: Bundle size exceeds critical threshold: 1.22 MB, currentSize: 1280000, threshold: 1048576} @ http://localhost:5173/src/App.tsx:134
[ 2250522ms] [LOG] 🚨 Bundle Alert: Bundle size exceeds critical threshold: 1.22 MB @ http://localhost:5173/src/services/bundleMonitoring.ts:178
[ 2250523ms] [LOG] Bundle Alert: {type: threshold_exceeded, severity: error, message: Bundle size exceeds critical threshold: 1.22 MB, currentSize: 1280000, threshold: 1048576} @ http://localhost:5173/src/App.tsx:134
[ 2250524ms] [LOG] 🚨 Bundle Alert: Bundle size exceeds critical threshold: 1.22 MB @ http://localhost:5173/src/services/bundleMonitoring.ts:178
[ 2250524ms] [LOG] Bundle Alert: {type: threshold_exceeded, severity: error, message: Bundle size exceeds critical threshold: 1.22 MB, currentSize: 1280000, threshold: 1048576} @ http://localhost:5173/src/App.tsx:134
[ 2280527ms] [LOG] 🚨 Bundle Alert: Bundle size exceeds critical threshold: 1.22 MB @ http://localhost:5173/src/services/bundleMonitoring.ts:178
[ 2280527ms] [LOG] Bundle Alert: {type: threshold_exceeded, severity: error, message: Bundle size exceeds critical threshold: 1.22 MB, currentSize: 1280000, threshold: 1048576} @ http://localhost:5173/src/App.tsx:134
[ 2280528ms] [LOG] 🚨 Bundle Alert: Bundle size exceeds critical threshold: 1.22 MB @ http://localhost:5173/src/services/bundleMonitoring.ts:178
[ 2280528ms] [LOG] Bundle Alert: {type: threshold_exceeded, severity: error, message: Bundle size exceeds critical threshold: 1.22 MB, currentSize: 1280000, threshold: 1048576} @ http://localhost:5173/src/App.tsx:134
[ 2310524ms] [LOG] 🚨 Bundle Alert: Bundle size exceeds critical threshold: 1.22 MB @ http://localhost:5173/src/services/bundleMonitoring.ts:178
[ 2310525ms] [LOG] Bundle Alert: {type: threshold_exceeded, severity: error, message: Bundle size exceeds critical threshold: 1.22 MB, currentSize: 1280000, threshold: 1048576} @ http://localhost:5173/src/App.tsx:134
[ 2310526ms] [LOG] 🚨 Bundle Alert: Bundle size exceeds critical threshold: 1.22 MB @ http://localhost:5173/src/services/bundleMonitoring.ts:178
[ 2310526ms] [LOG] Bundle Alert: {type: threshold_exceeded, severity: error, message: Bundle size exceeds critical threshold: 1.22 MB, currentSize: 1280000, threshold: 1048576} @ http://localhost:5173/src/App.tsx:134
[ 2340525ms] [LOG] 🚨 Bundle Alert: Bundle size exceeds critical threshold: 1.22 MB @ http://localhost:5173/src/services/bundleMonitoring.ts:178
[ 2340525ms] [LOG] Bundle Alert: {type: threshold_exceeded, severity: error, message: Bundle size exceeds critical threshold: 1.22 MB, currentSize: 1280000, threshold: 1048576} @ http://localhost:5173/src/App.tsx:134
[ 2340526ms] [LOG] 🚨 Bundle Alert: Bundle size exceeds critical threshold: 1.22 MB @ http://localhost:5173/src/services/bundleMonitoring.ts:178
[ 2340526ms] [LOG] Bundle Alert: {type: threshold_exceeded, severity: error, message: Bundle size exceeds critical threshold: 1.22 MB, currentSize: 1280000, threshold: 1048576} @ http://localhost:5173/src/App.tsx:134
[ 2370518ms] [LOG] 🚨 Bundle Alert: Bundle size exceeds critical threshold: 1.22 MB @ http://localhost:5173/src/services/bundleMonitoring.ts:178
[ 2370518ms] [LOG] Bundle Alert: {type: threshold_exceeded, severity: error, message: Bundle size exceeds critical threshold: 1.22 MB, currentSize: 1280000, threshold: 1048576} @ http://localhost:5173/src/App.tsx:134
[ 2370519ms] [LOG] 🚨 Bundle Alert: Bundle size exceeds critical threshold: 1.22 MB @ http://localhost:5173/src/services/bundleMonitoring.ts:178
[ 2370519ms] [LOG] Bundle Alert: {type: threshold_exceeded, severity: error, message: Bundle size exceeds critical threshold: 1.22 MB, currentSize: 1280000, threshold: 1048576} @ http://localhost:5173/src/App.tsx:134
[ 2400525ms] [LOG] 🚨 Bundle Alert: Bundle size exceeds critical threshold: 1.22 MB @ http://localhost:5173/src/services/bundleMonitoring.ts:178
[ 2400525ms] [LOG] Bundle Alert: {type: threshold_exceeded, severity: error, message: Bundle size exceeds critical threshold: 1.22 MB, currentSize: 1280000, threshold: 1048576} @ http://localhost:5173/src/App.tsx:134
[ 2400526ms] [LOG] 🚨 Bundle Alert: Bundle size exceeds critical threshold: 1.22 MB @ http://localhost:5173/src/services/bundleMonitoring.ts:178
[ 2400526ms] [LOG] Bundle Alert: {type: threshold_exceeded, severity: error, message: Bundle size exceeds critical threshold: 1.22 MB, currentSize: 1280000, threshold: 1048576} @ http://localhost:5173/src/App.tsx:134
[ 2430516ms] [LOG] 🚨 Bundle Alert: Bundle size exceeds critical threshold: 1.22 MB @ http://localhost:5173/src/services/bundleMonitoring.ts:178
[ 2430517ms] [LOG] Bundle Alert: {type: threshold_exceeded, severity: error, message: Bundle size exceeds critical threshold: 1.22 MB, currentSize: 1280000, threshold: 1048576} @ http://localhost:5173/src/App.tsx:134
[ 2430520ms] [LOG] 🚨 Bundle Alert: Bundle size exceeds critical threshold: 1.22 MB @ http://localhost:5173/src/services/bundleMonitoring.ts:178
[ 2430521ms] [LOG] Bundle Alert: {type: threshold_exceeded, severity: error, message: Bundle size exceeds critical threshold: 1.22 MB, currentSize: 1280000, threshold: 1048576} @ http://localhost:5173/src/App.tsx:134
[ 2460524ms] [LOG] 🚨 Bundle Alert: Bundle size exceeds critical threshold: 1.22 MB @ http://localhost:5173/src/services/bundleMonitoring.ts:178
[ 2460525ms] [LOG] Bundle Alert: {type: threshold_exceeded, severity: error, message: Bundle size exceeds critical threshold: 1.22 MB, currentSize: 1280000, threshold: 1048576} @ http://localhost:5173/src/App.tsx:134
[ 2460525ms] [LOG] 🚨 Bundle Alert: Bundle size exceeds critical threshold: 1.22 MB @ http://localhost:5173/src/services/bundleMonitoring.ts:178
[ 2460526ms] [LOG] Bundle Alert: {type: threshold_exceeded, severity: error, message: Bundle size exceeds critical threshold: 1.22 MB, currentSize: 1280000, threshold: 1048576} @ http://localhost:5173/src/App.tsx:134
[ 2490525ms] [LOG] 🚨 Bundle Alert: Bundle size exceeds critical threshold: 1.22 MB @ http://localhost:5173/src/services/bundleMonitoring.ts:178
[ 2490525ms] [LOG] Bundle Alert: {type: threshold_exceeded, severity: error, message: Bundle size exceeds critical threshold: 1.22 MB, currentSize: 1280000, threshold: 1048576} @ http://localhost:5173/src/App.tsx:134
[ 2490526ms] [LOG] 🚨 Bundle Alert: Bundle size exceeds critical threshold: 1.22 MB @ http://localhost:5173/src/services/bundleMonitoring.ts:178
[ 2490528ms] [LOG] Bundle Alert: {type: threshold_exceeded, severity: error, message: Bundle size exceeds critical threshold: 1.22 MB, currentSize: 1280000, threshold: 1048576} @ http://localhost:5173/src/App.tsx:134
[ 2520517ms] [LOG] 🚨 Bundle Alert: Bundle size exceeds critical threshold: 1.22 MB @ http://localhost:5173/src/services/bundleMonitoring.ts:178
[ 2520518ms] [LOG] Bundle Alert: {type: threshold_exceeded, severity: error, message: Bundle size exceeds critical threshold: 1.22 MB, currentSize: 1280000, threshold: 1048576} @ http://localhost:5173/src/App.tsx:134
[ 2520519ms] [LOG] 🚨 Bundle Alert: Bundle size exceeds critical threshold: 1.22 MB @ http://localhost:5173/src/services/bundleMonitoring.ts:178
[ 2520519ms] [LOG] Bundle Alert: {type: threshold_exceeded, severity: error, message: Bundle size exceeds critical threshold: 1.22 MB, currentSize: 1280000, threshold: 1048576} @ http://localhost:5173/src/App.tsx:134
[ 2550520ms] [LOG] 🚨 Bundle Alert: Bundle size exceeds critical threshold: 1.22 MB @ http://localhost:5173/src/services/bundleMonitoring.ts:178
[ 2550521ms] [LOG] Bundle Alert: {type: threshold_exceeded, severity: error, message: Bundle size exceeds critical threshold: 1.22 MB, currentSize: 1280000, threshold: 1048576} @ http://localhost:5173/src/App.tsx:134
[ 2550522ms] [LOG] 🚨 Bundle Alert: Bundle size exceeds critical threshold: 1.22 MB @ http://localhost:5173/src/services/bundleMonitoring.ts:178
[ 2550522ms] [LOG] Bundle Alert: {type: threshold_exceeded, severity: error, message: Bundle size exceeds critical threshold: 1.22 MB, currentSize: 1280000, threshold: 1048576} @ http://localhost:5173/src/App.tsx:134
[ 2580522ms] [LOG] 🚨 Bundle Alert: Bundle size exceeds critical threshold: 1.22 MB @ http://localhost:5173/src/services/bundleMonitoring.ts:178
[ 2580523ms] [LOG] Bundle Alert: {type: threshold_exceeded, severity: error, message: Bundle size exceeds critical threshold: 1.22 MB, currentSize: 1280000, threshold: 1048576} @ http://localhost:5173/src/App.tsx:134
[ 2580524ms] [LOG] 🚨 Bundle Alert: Bundle size exceeds critical threshold: 1.22 MB @ http://localhost:5173/src/services/bundleMonitoring.ts:178
[ 2580524ms] [LOG] Bundle Alert: {type: threshold_exceeded, severity: error, message: Bundle size exceeds critical threshold: 1.22 MB, currentSize: 1280000, threshold: 1048576} @ http://localhost:5173/src/App.tsx:134
[ 2610522ms] [LOG] 🚨 Bundle Alert: Bundle size exceeds critical threshold: 1.22 MB @ http://localhost:5173/src/services/bundleMonitoring.ts:178
[ 2610522ms] [LOG] Bundle Alert: {type: threshold_exceeded, severity: error, message: Bundle size exceeds critical threshold: 1.22 MB, currentSize: 1280000, threshold: 1048576} @ http://localhost:5173/src/App.tsx:134
[ 2610523ms] [LOG] 🚨 Bundle Alert: Bundle size exceeds critical threshold: 1.22 MB @ http://localhost:5173/src/services/bundleMonitoring.ts:178
[ 2610523ms] [LOG] Bundle Alert: {type: threshold_exceeded, severity: error, message: Bundle size exceeds critical threshold: 1.22 MB, currentSize: 1280000, threshold: 1048576} @ http://localhost:5173/src/App.tsx:134
[ 2640516ms] [LOG] 🚨 Bundle Alert: Bundle size exceeds critical threshold: 1.22 MB @ http://localhost:5173/src/services/bundleMonitoring.ts:178
[ 2640516ms] [LOG] Bundle Alert: {type: threshold_exceeded, severity: error, message: Bundle size exceeds critical threshold: 1.22 MB, currentSize: 1280000, threshold: 1048576} @ http://localhost:5173/src/App.tsx:134
[ 2640517ms] [LOG] 🚨 Bundle Alert: Bundle size exceeds critical threshold: 1.22 MB @ http://localhost:5173/src/services/bundleMonitoring.ts:178
[ 2640517ms] [LOG] Bundle Alert: {type: threshold_exceeded, severity: error, message: Bundle size exceeds critical threshold: 1.22 MB, currentSize: 1280000, threshold: 1048576} @ http://localhost:5173/src/App.tsx:134
[ 2670528ms] [LOG] 🚨 Bundle Alert: Bundle size exceeds critical threshold: 1.22 MB @ http://localhost:5173/src/services/bundleMonitoring.ts:178
[ 2670528ms] [LOG] Bundle Alert: {type: threshold_exceeded, severity: error, message: Bundle size exceeds critical threshold: 1.22 MB, currentSize: 1280000, threshold: 1048576} @ http://localhost:5173/src/App.tsx:134
[ 2670529ms] [LOG] 🚨 Bundle Alert: Bundle size exceeds critical threshold: 1.22 MB @ http://localhost:5173/src/services/bundleMonitoring.ts:178
[ 2670529ms] [LOG] Bundle Alert: {type: threshold_exceeded, severity: error, message: Bundle size exceeds critical threshold: 1.22 MB, currentSize: 1280000, threshold: 1048576} @ http://localhost:5173/src/App.tsx:134
[ 2700525ms] [LOG] 🚨 Bundle Alert: Bundle size exceeds critical threshold: 1.22 MB @ http://localhost:5173/src/services/bundleMonitoring.ts:178
[ 2700526ms] [LOG] Bundle Alert: {type: threshold_exceeded, severity: error, message: Bundle size exceeds critical threshold: 1.22 MB, currentSize: 1280000, threshold: 1048576} @ http://localhost:5173/src/App.tsx:134
[ 2700527ms] [LOG] 🚨 Bundle Alert: Bundle size exceeds critical threshold: 1.22 MB @ http://localhost:5173/src/services/bundleMonitoring.ts:178
[ 2700527ms] [LOG] Bundle Alert: {type: threshold_exceeded, severity: error, message: Bundle size exceeds critical threshold: 1.22 MB, currentSize: 1280000, threshold: 1048576} @ http://localhost:5173/src/App.tsx:134
[ 2730518ms] [LOG] 🚨 Bundle Alert: Bundle size exceeds critical threshold: 1.22 MB @ http://localhost:5173/src/services/bundleMonitoring.ts:178
[ 2730518ms] [LOG] Bundle Alert: {type: threshold_exceeded, severity: error, message: Bundle size exceeds critical threshold: 1.22 MB, currentSize: 1280000, threshold: 1048576} @ http://localhost:5173/src/App.tsx:134
[ 2730519ms] [LOG] 🚨 Bundle Alert: Bundle size exceeds critical threshold: 1.22 MB @ http://localhost:5173/src/services/bundleMonitoring.ts:178
[ 2730519ms] [LOG] Bundle Alert: {type: threshold_exceeded, severity: error, message: Bundle size exceeds critical threshold: 1.22 MB, currentSize: 1280000, threshold: 1048576} @ http://localhost:5173/src/App.tsx:134
[ 2760526ms] [LOG] 🚨 Bundle Alert: Bundle size exceeds critical threshold: 1.22 MB @ http://localhost:5173/src/services/bundleMonitoring.ts:178
[ 2760526ms] [LOG] Bundle Alert: {type: threshold_exceeded, severity: error, message: Bundle size exceeds critical threshold: 1.22 MB, currentSize: 1280000, threshold: 1048576} @ http://localhost:5173/src/App.tsx:134
[ 2760527ms] [LOG] 🚨 Bundle Alert: Bundle size exceeds critical threshold: 1.22 MB @ http://localhost:5173/src/services/bundleMonitoring.ts:178
[ 2760527ms] [LOG] Bundle Alert: {type: threshold_exceeded, severity: error, message: Bundle size exceeds critical threshold: 1.22 MB, currentSize: 1280000, threshold: 1048576} @ http://localhost:5173/src/App.tsx:134
[ 2790524ms] [LOG] 🚨 Bundle Alert: Bundle size exceeds critical threshold: 1.22 MB @ http://localhost:5173/src/services/bundleMonitoring.ts:178
[ 2790524ms] [LOG] Bundle Alert: {type: threshold_exceeded, severity: error, message: Bundle size exceeds critical threshold: 1.22 MB, currentSize: 1280000, threshold: 1048576} @ http://localhost:5173/src/App.tsx:134
[ 2790525ms] [LOG] 🚨 Bundle Alert: Bundle size exceeds critical threshold: 1.22 MB @ http://localhost:5173/src/services/bundleMonitoring.ts:178
[ 2790525ms] [LOG] Bundle Alert: {type: threshold_exceeded, severity: error, message: Bundle size exceeds critical threshold: 1.22 MB, currentSize: 1280000, threshold: 1048576} @ http://localhost:5173/src/App.tsx:134
[ 2820515ms] [LOG] 🚨 Bundle Alert: Bundle size exceeds critical threshold: 1.22 MB @ http://localhost:5173/src/services/bundleMonitoring.ts:178
[ 2820515ms] [LOG] Bundle Alert: {type: threshold_exceeded, severity: error, message: Bundle size exceeds critical threshold: 1.22 MB, currentSize: 1280000, threshold: 1048576} @ http://localhost:5173/src/App.tsx:134
[ 2820517ms] [LOG] 🚨 Bundle Alert: Bundle size exceeds critical threshold: 1.22 MB @ http://localhost:5173/src/services/bundleMonitoring.ts:178
[ 2820517ms] [LOG] Bundle Alert: {type: threshold_exceeded, severity: error, message: Bundle size exceeds critical threshold: 1.22 MB, currentSize: 1280000, threshold: 1048576} @ http://localhost:5173/src/App.tsx:134
[ 2850529ms] [LOG] 🚨 Bundle Alert: Bundle size exceeds critical threshold: 1.22 MB @ http://localhost:5173/src/services/bundleMonitoring.ts:178
[ 2850529ms] [LOG] Bundle Alert: {type: threshold_exceeded, severity: error, message: Bundle size exceeds critical threshold: 1.22 MB, currentSize: 1280000, threshold: 1048576} @ http://localhost:5173/src/App.tsx:134
[ 2850530ms] [LOG] 🚨 Bundle Alert: Bundle size exceeds critical threshold: 1.22 MB @ http://localhost:5173/src/services/bundleMonitoring.ts:178
[ 2850530ms] [LOG] Bundle Alert: {type: threshold_exceeded, severity: error, message: Bundle size exceeds critical threshold: 1.22 MB, currentSize: 1280000, threshold: 1048576} @ http://localhost:5173/src/App.tsx:134
[ 2880520ms] [LOG] 🚨 Bundle Alert: Bundle size exceeds critical threshold: 1.22 MB @ http://localhost:5173/src/services/bundleMonitoring.ts:178
[ 2880521ms] [LOG] Bundle Alert: {type: threshold_exceeded, severity: error, message: Bundle size exceeds critical threshold: 1.22 MB, currentSize: 1280000, threshold: 1048576} @ http://localhost:5173/src/App.tsx:134
[ 2880522ms] [LOG] 🚨 Bundle Alert: Bundle size exceeds critical threshold: 1.22 MB @ http://localhost:5173/src/services/bundleMonitoring.ts:178
[ 2880522ms] [LOG] Bundle Alert: {type: threshold_exceeded, severity: error, message: Bundle size exceeds critical threshold: 1.22 MB, currentSize: 1280000, threshold: 1048576} @ http://localhost:5173/src/App.tsx:134
[ 2910529ms] [LOG] 🚨 Bundle Alert: Bundle size exceeds critical threshold: 1.22 MB @ http://localhost:5173/src/services/bundleMonitoring.ts:178
[ 2910529ms] [LOG] Bundle Alert: {type: threshold_exceeded, severity: error, message: Bundle size exceeds critical threshold: 1.22 MB, currentSize: 1280000, threshold: 1048576} @ http://localhost:5173/src/App.tsx:134
[ 2910530ms] [LOG] 🚨 Bundle Alert: Bundle size exceeds critical threshold: 1.22 MB @ http://localhost:5173/src/services/bundleMonitoring.ts:178
[ 2910530ms] [LOG] Bundle Alert: {type: threshold_exceeded, severity: error, message: Bundle size exceeds critical threshold: 1.22 MB, currentSize: 1280000, threshold: 1048576} @ http://localhost:5173/src/App.tsx:134
[ 2940526ms] [LOG] 🚨 Bundle Alert: Bundle size exceeds critical threshold: 1.22 MB @ http://localhost:5173/src/services/bundleMonitoring.ts:178
[ 2940526ms] [LOG] Bundle Alert: {type: threshold_exceeded, severity: error, message: Bundle size exceeds critical threshold: 1.22 MB, currentSize: 1280000, threshold: 1048576} @ http://localhost:5173/src/App.tsx:134
[ 2940527ms] [LOG] 🚨 Bundle Alert: Bundle size exceeds critical threshold: 1.22 MB @ http://localhost:5173/src/services/bundleMonitoring.ts:178
[ 2940527ms] [LOG] Bundle Alert: {type: threshold_exceeded, severity: error, message: Bundle size exceeds critical threshold: 1.22 MB, currentSize: 1280000, threshold: 1048576} @ http://localhost:5173/src/App.tsx:134
[ 2970522ms] [LOG] 🚨 Bundle Alert: Bundle size exceeds critical threshold: 1.22 MB @ http://localhost:5173/src/services/bundleMonitoring.ts:178
[ 2970522ms] [LOG] Bundle Alert: {type: threshold_exceeded, severity: error, message: Bundle size exceeds critical threshold: 1.22 MB, currentSize: 1280000, threshold: 1048576} @ http://localhost:5173/src/App.tsx:134
[ 2970523ms] [LOG] 🚨 Bundle Alert: Bundle size exceeds critical threshold: 1.22 MB @ http://localhost:5173/src/services/bundleMonitoring.ts:178
[ 2970524ms] [LOG] Bundle Alert: {type: threshold_exceeded, severity: error, message: Bundle size exceeds critical threshold: 1.22 MB, currentSize: 1280000, threshold: 1048576} @ http://localhost:5173/src/App.tsx:134
[ 3000529ms] [LOG] 🚨 Bundle Alert: Bundle size exceeds critical threshold: 1.22 MB @ http://localhost:5173/src/services/bundleMonitoring.ts:178
[ 3000529ms] [LOG] Bundle Alert: {type: threshold_exceeded, severity: error, message: Bundle size exceeds critical threshold: 1.22 MB, currentSize: 1280000, threshold: 1048576} @ http://localhost:5173/src/App.tsx:134
[ 3000530ms] [LOG] 🚨 Bundle Alert: Bundle size exceeds critical threshold: 1.22 MB @ http://localhost:5173/src/services/bundleMonitoring.ts:178
[ 3000530ms] [LOG] Bundle Alert: {type: threshold_exceeded, severity: error, message: Bundle size exceeds critical threshold: 1.22 MB, currentSize: 1280000, threshold: 1048576} @ http://localhost:5173/src/App.tsx:134
[ 3030533ms] [LOG] 🚨 Bundle Alert: Bundle size exceeds critical threshold: 1.22 MB @ http://localhost:5173/src/services/bundleMonitoring.ts:178
[ 3030533ms] [LOG] Bundle Alert: {type: threshold_exceeded, severity: error, message: Bundle size exceeds critical threshold: 1.22 MB, currentSize: 1280000, threshold: 1048576} @ http://localhost:5173/src/App.tsx:134
[ 3030534ms] [LOG] 🚨 Bundle Alert: Bundle size exceeds critical threshold: 1.22 MB @ http://localhost:5173/src/services/bundleMonitoring.ts:178
[ 3030534ms] [LOG] Bundle Alert: {type: threshold_exceeded, severity: error, message: Bundle size exceeds critical threshold: 1.22 MB, currentSize: 1280000, threshold: 1048576} @ http://localhost:5173/src/App.tsx:134
[ 3060530ms] [LOG] 🚨 Bundle Alert: Bundle size exceeds critical threshold: 1.22 MB @ http://localhost:5173/src/services/bundleMonitoring.ts:178
[ 3060530ms] [LOG] Bundle Alert: {type: threshold_exceeded, severity: error, message: Bundle size exceeds critical threshold: 1.22 MB, currentSize: 1280000, threshold: 1048576} @ http://localhost:5173/src/App.tsx:134
[ 3060531ms] [LOG] 🚨 Bundle Alert: Bundle size exceeds critical threshold: 1.22 MB @ http://localhost:5173/src/services/bundleMonitoring.ts:178
[ 3060531ms] [LOG] Bundle Alert: {type: threshold_exceeded, severity: error, message: Bundle size exceeds critical threshold: 1.22 MB, currentSize: 1280000, threshold: 1048576} @ http://localhost:5173/src/App.tsx:134
[ 3090528ms] [LOG] 🚨 Bundle Alert: Bundle size exceeds critical threshold: 1.22 MB @ http://localhost:5173/src/services/bundleMonitoring.ts:178
[ 3090529ms] [LOG] Bundle Alert: {type: threshold_exceeded, severity: error, message: Bundle size exceeds critical threshold: 1.22 MB, currentSize: 1280000, threshold: 1048576} @ http://localhost:5173/src/App.tsx:134
[ 3090530ms] [LOG] 🚨 Bundle Alert: Bundle size exceeds critical threshold: 1.22 MB @ http://localhost:5173/src/services/bundleMonitoring.ts:178
[ 3090530ms] [LOG] Bundle Alert: {type: threshold_exceeded, severity: error, message: Bundle size exceeds critical threshold: 1.22 MB, currentSize: 1280000, threshold: 1048576} @ http://localhost:5173/src/App.tsx:134
[ 3120516ms] [LOG] 🚨 Bundle Alert: Bundle size exceeds critical threshold: 1.22 MB @ http://localhost:5173/src/services/bundleMonitoring.ts:178
[ 3120516ms] [LOG] Bundle Alert: {type: threshold_exceeded, severity: error, message: Bundle size exceeds critical threshold: 1.22 MB, currentSize: 1280000, threshold: 1048576} @ http://localhost:5173/src/App.tsx:134
[ 3120518ms] [LOG] 🚨 Bundle Alert: Bundle size exceeds critical threshold: 1.22 MB @ http://localhost:5173/src/services/bundleMonitoring.ts:178
[ 3120518ms] [LOG] Bundle Alert: {type: threshold_exceeded, severity: error, message: Bundle size exceeds critical threshold: 1.22 MB, currentSize: 1280000, threshold: 1048576} @ http://localhost:5173/src/App.tsx:134
[ 3150523ms] [LOG] 🚨 Bundle Alert: Bundle size exceeds critical threshold: 1.22 MB @ http://localhost:5173/src/services/bundleMonitoring.ts:178
[ 3150524ms] [LOG] Bundle Alert: {type: threshold_exceeded, severity: error, message: Bundle size exceeds critical threshold: 1.22 MB, currentSize: 1280000, threshold: 1048576} @ http://localhost:5173/src/App.tsx:134
[ 3150524ms] [LOG] 🚨 Bundle Alert: Bundle size exceeds critical threshold: 1.22 MB @ http://localhost:5173/src/services/bundleMonitoring.ts:178
[ 3150524ms] [LOG] Bundle Alert: {type: threshold_exceeded, severity: error, message: Bundle size exceeds critical threshold: 1.22 MB, currentSize: 1280000, threshold: 1048576} @ http://localhost:5173/src/App.tsx:134
[ 3180522ms] [LOG] 🚨 Bundle Alert: Bundle size exceeds critical threshold: 1.22 MB @ http://localhost:5173/src/services/bundleMonitoring.ts:178
[ 3180522ms] [LOG] Bundle Alert: {type: threshold_exceeded, severity: error, message: Bundle size exceeds critical threshold: 1.22 MB, currentSize: 1280000, threshold: 1048576} @ http://localhost:5173/src/App.tsx:134
[ 3180523ms] [LOG] 🚨 Bundle Alert: Bundle size exceeds critical threshold: 1.22 MB @ http://localhost:5173/src/services/bundleMonitoring.ts:178
[ 3180523ms] [LOG] Bundle Alert: {type: threshold_exceeded, severity: error, message: Bundle size exceeds critical threshold: 1.22 MB, currentSize: 1280000, threshold: 1048576} @ http://localhost:5173/src/App.tsx:134
[ 3210520ms] [LOG] 🚨 Bundle Alert: Bundle size exceeds critical threshold: 1.22 MB @ http://localhost:5173/src/services/bundleMonitoring.ts:178
[ 3210520ms] [LOG] Bundle Alert: {type: threshold_exceeded, severity: error, message: Bundle size exceeds critical threshold: 1.22 MB, currentSize: 1280000, threshold: 1048576} @ http://localhost:5173/src/App.tsx:134
[ 3210521ms] [LOG] 🚨 Bundle Alert: Bundle size exceeds critical threshold: 1.22 MB @ http://localhost:5173/src/services/bundleMonitoring.ts:178
[ 3210521ms] [LOG] Bundle Alert: {type: threshold_exceeded, severity: error, message: Bundle size exceeds critical threshold: 1.22 MB, currentSize: 1280000, threshold: 1048576} @ http://localhost:5173/src/App.tsx:134
[ 3240531ms] [LOG] 🚨 Bundle Alert: Bundle size exceeds critical threshold: 1.22 MB @ http://localhost:5173/src/services/bundleMonitoring.ts:178
[ 3240531ms] [LOG] Bundle Alert: {type: threshold_exceeded, severity: error, message: Bundle size exceeds critical threshold: 1.22 MB, currentSize: 1280000, threshold: 1048576} @ http://localhost:5173/src/App.tsx:134
[ 3240532ms] [LOG] 🚨 Bundle Alert: Bundle size exceeds critical threshold: 1.22 MB @ http://localhost:5173/src/services/bundleMonitoring.ts:178
[ 3240532ms] [LOG] Bundle Alert: {type: threshold_exceeded, severity: error, message: Bundle size exceeds critical threshold: 1.22 MB, currentSize: 1280000, threshold: 1048576} @ http://localhost:5173/src/App.tsx:134
[ 3270519ms] [LOG] 🚨 Bundle Alert: Bundle size exceeds critical threshold: 1.22 MB @ http://localhost:5173/src/services/bundleMonitoring.ts:178
[ 3270519ms] [LOG] Bundle Alert: {type: threshold_exceeded, severity: error, message: Bundle size exceeds critical threshold: 1.22 MB, currentSize: 1280000, threshold: 1048576} @ http://localhost:5173/src/App.tsx:134
[ 3270520ms] [LOG] 🚨 Bundle Alert: Bundle size exceeds critical threshold: 1.22 MB @ http://localhost:5173/src/services/bundleMonitoring.ts:178
[ 3270520ms] [LOG] Bundle Alert: {type: threshold_exceeded, severity: error, message: Bundle size exceeds critical threshold: 1.22 MB, currentSize: 1280000, threshold: 1048576} @ http://localhost:5173/src/App.tsx:134
[ 3300528ms] [LOG] 🚨 Bundle Alert: Bundle size exceeds critical threshold: 1.22 MB @ http://localhost:5173/src/services/bundleMonitoring.ts:178
[ 3300529ms] [LOG] Bundle Alert: {type: threshold_exceeded, severity: error, message: Bundle size exceeds critical threshold: 1.22 MB, currentSize: 1280000, threshold: 1048576} @ http://localhost:5173/src/App.tsx:134
[ 3300530ms] [LOG] 🚨 Bundle Alert: Bundle size exceeds critical threshold: 1.22 MB @ http://localhost:5173/src/services/bundleMonitoring.ts:178
[ 3300530ms] [LOG] Bundle Alert: {type: threshold_exceeded, severity: error, message: Bundle size exceeds critical threshold: 1.22 MB, currentSize: 1280000, threshold: 1048576} @ http://localhost:5173/src/App.tsx:134
[ 3330525ms] [LOG] 🚨 Bundle Alert: Bundle size exceeds critical threshold: 1.22 MB @ http://localhost:5173/src/services/bundleMonitoring.ts:178
[ 3330525ms] [LOG] Bundle Alert: {type: threshold_exceeded, severity: error, message: Bundle size exceeds critical threshold: 1.22 MB, currentSize: 1280000, threshold: 1048576} @ http://localhost:5173/src/App.tsx:134
[ 3330526ms] [LOG] 🚨 Bundle Alert: Bundle size exceeds critical threshold: 1.22 MB @ http://localhost:5173/src/services/bundleMonitoring.ts:178
[ 3330526ms] [LOG] Bundle Alert: {type: threshold_exceeded, severity: error, message: Bundle size exceeds critical threshold: 1.22 MB, currentSize: 1280000, threshold: 1048576} @ http://localhost:5173/src/App.tsx:134
[ 3360520ms] [LOG] 🚨 Bundle Alert: Bundle size exceeds critical threshold: 1.22 MB @ http://localhost:5173/src/services/bundleMonitoring.ts:178
[ 3360521ms] [LOG] Bundle Alert: {type: threshold_exceeded, severity: error, message: Bundle size exceeds critical threshold: 1.22 MB, currentSize: 1280000, threshold: 1048576} @ http://localhost:5173/src/App.tsx:134
[ 3360521ms] [LOG] 🚨 Bundle Alert: Bundle size exceeds critical threshold: 1.22 MB @ http://localhost:5173/src/services/bundleMonitoring.ts:178
[ 3360521ms] [LOG] Bundle Alert: {type: threshold_exceeded, severity: error, message: Bundle size exceeds critical threshold: 1.22 MB, currentSize: 1280000, threshold: 1048576} @ http://localhost:5173/src/App.tsx:134
[ 3390516ms] [LOG] 🚨 Bundle Alert: Bundle size exceeds critical threshold: 1.22 MB @ http://localhost:5173/src/services/bundleMonitoring.ts:178
[ 3390516ms] [LOG] Bundle Alert: {type: threshold_exceeded, severity: error, message: Bundle size exceeds critical threshold: 1.22 MB, currentSize: 1280000, threshold: 1048576} @ http://localhost:5173/src/App.tsx:134
[ 3390517ms] [LOG] 🚨 Bundle Alert: Bundle size exceeds critical threshold: 1.22 MB @ http://localhost:5173/src/services/bundleMonitoring.ts:178
[ 3390517ms] [LOG] Bundle Alert: {type: threshold_exceeded, severity: error, message: Bundle size exceeds critical threshold: 1.22 MB, currentSize: 1280000, threshold: 1048576} @ http://localhost:5173/src/App.tsx:134
[ 3420522ms] [LOG] 🚨 Bundle Alert: Bundle size exceeds critical threshold: 1.22 MB @ http://localhost:5173/src/services/bundleMonitoring.ts:178
[ 3420522ms] [LOG] Bundle Alert: {type: threshold_exceeded, severity: error, message: Bundle size exceeds critical threshold: 1.22 MB, currentSize: 1280000, threshold: 1048576} @ http://localhost:5173/src/App.tsx:134
[ 3420523ms] [LOG] 🚨 Bundle Alert: Bundle size exceeds critical threshold: 1.22 MB @ http://localhost:5173/src/services/bundleMonitoring.ts:178
[ 3420523ms] [LOG] Bundle Alert: {type: threshold_exceeded, severity: error, message: Bundle size exceeds critical threshold: 1.22 MB, currentSize: 1280000, threshold: 1048576} @ http://localhost:5173/src/App.tsx:134
[ 3450516ms] [LOG] 🚨 Bundle Alert: Bundle size exceeds critical threshold: 1.22 MB @ http://localhost:5173/src/services/bundleMonitoring.ts:178
[ 3450517ms] [LOG] Bundle Alert: {type: threshold_exceeded, severity: error, message: Bundle size exceeds critical threshold: 1.22 MB, currentSize: 1280000, threshold: 1048576} @ http://localhost:5173/src/App.tsx:134
[ 3450518ms] [LOG] 🚨 Bundle Alert: Bundle size exceeds critical threshold: 1.22 MB @ http://localhost:5173/src/services/bundleMonitoring.ts:178
[ 3450518ms] [LOG] Bundle Alert: {type: threshold_exceeded, severity: error, message: Bundle size exceeds critical threshold: 1.22 MB, currentSize: 1280000, threshold: 1048576} @ http://localhost:5173/src/App.tsx:134
[ 3480523ms] [LOG] 🚨 Bundle Alert: Bundle size exceeds critical threshold: 1.22 MB @ http://localhost:5173/src/services/bundleMonitoring.ts:178
[ 3480523ms] [LOG] Bundle Alert: {type: threshold_exceeded, severity: error, message: Bundle size exceeds critical threshold: 1.22 MB, currentSize: 1280000, threshold: 1048576} @ http://localhost:5173/src/App.tsx:134
[ 3480524ms] [LOG] 🚨 Bundle Alert: Bundle size exceeds critical threshold: 1.22 MB @ http://localhost:5173/src/services/bundleMonitoring.ts:178
[ 3480524ms] [LOG] Bundle Alert: {type: threshold_exceeded, severity: error, message: Bundle size exceeds critical threshold: 1.22 MB, currentSize: 1280000, threshold: 1048576} @ http://localhost:5173/src/App.tsx:134
[ 3510523ms] [LOG] 🚨 Bundle Alert: Bundle size exceeds critical threshold: 1.22 MB @ http://localhost:5173/src/services/bundleMonitoring.ts:178
[ 3510523ms] [LOG] Bundle Alert: {type: threshold_exceeded, severity: error, message: Bundle size exceeds critical threshold: 1.22 MB, currentSize: 1280000, threshold: 1048576} @ http://localhost:5173/src/App.tsx:134
[ 3510525ms] [LOG] 🚨 Bundle Alert: Bundle size exceeds critical threshold: 1.22 MB @ http://localhost:5173/src/services/bundleMonitoring.ts:178
[ 3510525ms] [LOG] Bundle Alert: {type: threshold_exceeded, severity: error, message: Bundle size exceeds critical threshold: 1.22 MB, currentSize: 1280000, threshold: 1048576} @ http://localhost:5173/src/App.tsx:134
[ 3540524ms] [LOG] 🚨 Bundle Alert: Bundle size exceeds critical threshold: 1.22 MB @ http://localhost:5173/src/services/bundleMonitoring.ts:178
[ 3540524ms] [LOG] Bundle Alert: {type: threshold_exceeded, severity: error, message: Bundle size exceeds critical threshold: 1.22 MB, currentSize: 1280000, threshold: 1048576} @ http://localhost:5173/src/App.tsx:134
[ 3540525ms] [LOG] 🚨 Bundle Alert: Bundle size exceeds critical threshold: 1.22 MB @ http://localhost:5173/src/services/bundleMonitoring.ts:178
[ 3540525ms] [LOG] Bundle Alert: {type: threshold_exceeded, severity: error, message: Bundle size exceeds critical threshold: 1.22 MB, currentSize: 1280000, threshold: 1048576} @ http://localhost:5173/src/App.tsx:134
[ 3570518ms] [LOG] 🚨 Bundle Alert: Bundle size exceeds critical threshold: 1.22 MB @ http://localhost:5173/src/services/bundleMonitoring.ts:178
[ 3570518ms] [LOG] Bundle Alert: {type: threshold_exceeded, severity: error, message: Bundle size exceeds critical threshold: 1.22 MB, currentSize: 1280000, threshold: 1048576} @ http://localhost:5173/src/App.tsx:134
[ 3570519ms] [LOG] 🚨 Bundle Alert: Bundle size exceeds critical threshold: 1.22 MB @ http://localhost:5173/src/services/bundleMonitoring.ts:178
[ 3570519ms] [LOG] Bundle Alert: {type: threshold_exceeded, severity: error, message: Bundle size exceeds critical threshold: 1.22 MB, currentSize: 1280000, threshold: 1048576} @ http://localhost:5173/src/App.tsx:134
[ 3600517ms] [LOG] 🚨 Bundle Alert: Bundle size exceeds critical threshold: 1.22 MB @ http://localhost:5173/src/services/bundleMonitoring.ts:178
[ 3600517ms] [LOG] Bundle Alert: {type: threshold_exceeded, severity: error, message: Bundle size exceeds critical threshold: 1.22 MB, currentSize: 1280000, threshold: 1048576} @ http://localhost:5173/src/App.tsx:134
[ 3600518ms] [LOG] 🚨 Bundle Alert: Bundle size exceeds critical threshold: 1.22 MB @ http://localhost:5173/src/services/bundleMonitoring.ts:178
[ 3600518ms] [LOG] Bundle Alert: {type: threshold_exceeded, severity: error, message: Bundle size exceeds critical threshold: 1.22 MB, currentSize: 1280000, threshold: 1048576} @ http://localhost:5173/src/App.tsx:134
[ 3630522ms] [LOG] 🚨 Bundle Alert: Bundle size exceeds critical threshold: 1.22 MB @ http://localhost:5173/src/services/bundleMonitoring.ts:178
[ 3630523ms] [LOG] Bundle Alert: {type: threshold_exceeded, severity: error, message: Bundle size exceeds critical threshold: 1.22 MB, currentSize: 1280000, threshold: 1048576} @ http://localhost:5173/src/App.tsx:134
[ 3630524ms] [LOG] 🚨 Bundle Alert: Bundle size exceeds critical threshold: 1.22 MB @ http://localhost:5173/src/services/bundleMonitoring.ts:178
[ 3630524ms] [LOG] Bundle Alert: {type: threshold_exceeded, severity: error, message: Bundle size exceeds critical threshold: 1.22 MB, currentSize: 1280000, threshold: 1048576} @ http://localhost:5173/src/App.tsx:134
[ 3660516ms] [LOG] 🚨 Bundle Alert: Bundle size exceeds critical threshold: 1.22 MB @ http://localhost:5173/src/services/bundleMonitoring.ts:178
[ 3660516ms] [LOG] Bundle Alert: {type: threshold_exceeded, severity: error, message: Bundle size exceeds critical threshold: 1.22 MB, currentSize: 1280000, threshold: 1048576} @ http://localhost:5173/src/App.tsx:134
[ 3660517ms] [LOG] 🚨 Bundle Alert: Bundle size exceeds critical threshold: 1.22 MB @ http://localhost:5173/src/services/bundleMonitoring.ts:178
[ 3660517ms] [LOG] Bundle Alert: {type: threshold_exceeded, severity: error, message: Bundle size exceeds critical threshold: 1.22 MB, currentSize: 1280000, threshold: 1048576} @ http://localhost:5173/src/App.tsx:134
[ 3690530ms] [LOG] 🚨 Bundle Alert: Bundle size exceeds critical threshold: 1.22 MB @ http://localhost:5173/src/services/bundleMonitoring.ts:178
[ 3690530ms] [LOG] Bundle Alert: {type: threshold_exceeded, severity: error, message: Bundle size exceeds critical threshold: 1.22 MB, currentSize: 1280000, threshold: 1048576} @ http://localhost:5173/src/App.tsx:134
[ 3690531ms] [LOG] 🚨 Bundle Alert: Bundle size exceeds critical threshold: 1.22 MB @ http://localhost:5173/src/services/bundleMonitoring.ts:178
[ 3690531ms] [LOG] Bundle Alert: {type: threshold_exceeded, severity: error, message: Bundle size exceeds critical threshold: 1.22 MB, currentSize: 1280000, threshold: 1048576} @ http://localhost:5173/src/App.tsx:134
[ 3720521ms] [LOG] 🚨 Bundle Alert: Bundle size exceeds critical threshold: 1.22 MB @ http://localhost:5173/src/services/bundleMonitoring.ts:178
[ 3720521ms] [LOG] Bundle Alert: {type: threshold_exceeded, severity: error, message: Bundle size exceeds critical threshold: 1.22 MB, currentSize: 1280000, threshold: 1048576} @ http://localhost:5173/src/App.tsx:134
[ 3720522ms] [LOG] 🚨 Bundle Alert: Bundle size exceeds critical threshold: 1.22 MB @ http://localhost:5173/src/services/bundleMonitoring.ts:178
[ 3720523ms] [LOG] Bundle Alert: {type: threshold_exceeded, severity: error, message: Bundle size exceeds critical threshold: 1.22 MB, currentSize: 1280000, threshold: 1048576} @ http://localhost:5173/src/App.tsx:134
[ 3750527ms] [LOG] 🚨 Bundle Alert: Bundle size exceeds critical threshold: 1.22 MB @ http://localhost:5173/src/services/bundleMonitoring.ts:178
[ 3750528ms] [LOG] Bundle Alert: {type: threshold_exceeded, severity: error, message: Bundle size exceeds critical threshold: 1.22 MB, currentSize: 1280000, threshold: 1048576} @ http://localhost:5173/src/App.tsx:134
[ 3750529ms] [LOG] 🚨 Bundle Alert: Bundle size exceeds critical threshold: 1.22 MB @ http://localhost:5173/src/services/bundleMonitoring.ts:178
[ 3750529ms] [LOG] Bundle Alert: {type: threshold_exceeded, severity: error, message: Bundle size exceeds critical threshold: 1.22 MB, currentSize: 1280000, threshold: 1048576} @ http://localhost:5173/src/App.tsx:134
[ 3780523ms] [LOG] 🚨 Bundle Alert: Bundle size exceeds critical threshold: 1.22 MB @ http://localhost:5173/src/services/bundleMonitoring.ts:178
[ 3780523ms] [LOG] Bundle Alert: {type: threshold_exceeded, severity: error, message: Bundle size exceeds critical threshold: 1.22 MB, currentSize: 1280000, threshold: 1048576} @ http://localhost:5173/src/App.tsx:134
[ 3780524ms] [LOG] 🚨 Bundle Alert: Bundle size exceeds critical threshold: 1.22 MB @ http://localhost:5173/src/services/bundleMonitoring.ts:178
[ 3780525ms] [LOG] Bundle Alert: {type: threshold_exceeded, severity: error, message: Bundle size exceeds critical threshold: 1.22 MB, currentSize: 1280000, threshold: 1048576} @ http://localhost:5173/src/App.tsx:134
[ 3810522ms] [LOG] 🚨 Bundle Alert: Bundle size exceeds critical threshold: 1.22 MB @ http://localhost:5173/src/services/bundleMonitoring.ts:178
[ 3810522ms] [LOG] Bundle Alert: {type: threshold_exceeded, severity: error, message: Bundle size exceeds critical threshold: 1.22 MB, currentSize: 1280000, threshold: 1048576} @ http://localhost:5173/src/App.tsx:134
[ 3810523ms] [LOG] 🚨 Bundle Alert: Bundle size exceeds critical threshold: 1.22 MB @ http://localhost:5173/src/services/bundleMonitoring.ts:178
[ 3810523ms] [LOG] Bundle Alert: {type: threshold_exceeded, severity: error, message: Bundle size exceeds critical threshold: 1.22 MB, currentSize: 1280000, threshold: 1048576} @ http://localhost:5173/src/App.tsx:134
[ 3840524ms] [LOG] 🚨 Bundle Alert: Bundle size exceeds critical threshold: 1.22 MB @ http://localhost:5173/src/services/bundleMonitoring.ts:178
[ 3840524ms] [LOG] Bundle Alert: {type: threshold_exceeded, severity: error, message: Bundle size exceeds critical threshold: 1.22 MB, currentSize: 1280000, threshold: 1048576} @ http://localhost:5173/src/App.tsx:134
[ 3840525ms] [LOG] 🚨 Bundle Alert: Bundle size exceeds critical threshold: 1.22 MB @ http://localhost:5173/src/services/bundleMonitoring.ts:178
[ 3840526ms] [LOG] Bundle Alert: {type: threshold_exceeded, severity: error, message: Bundle size exceeds critical threshold: 1.22 MB, currentSize: 1280000, threshold: 1048576} @ http://localhost:5173/src/App.tsx:134
[ 3870518ms] [LOG] 🚨 Bundle Alert: Bundle size exceeds critical threshold: 1.22 MB @ http://localhost:5173/src/services/bundleMonitoring.ts:178
[ 3870518ms] [LOG] Bundle Alert: {type: threshold_exceeded, severity: error, message: Bundle size exceeds critical threshold: 1.22 MB, currentSize: 1280000, threshold: 1048576} @ http://localhost:5173/src/App.tsx:134
[ 3870519ms] [LOG] 🚨 Bundle Alert: Bundle size exceeds critical threshold: 1.22 MB @ http://localhost:5173/src/services/bundleMonitoring.ts:178
[ 3870519ms] [LOG] Bundle Alert: {type: threshold_exceeded, severity: error, message: Bundle size exceeds critical threshold: 1.22 MB, currentSize: 1280000, threshold: 1048576} @ http://localhost:5173/src/App.tsx:134
[ 3900528ms] [LOG] 🚨 Bundle Alert: Bundle size exceeds critical threshold: 1.22 MB @ http://localhost:5173/src/services/bundleMonitoring.ts:178
[ 3900528ms] [LOG] Bundle Alert: {type: threshold_exceeded, severity: error, message: Bundle size exceeds critical threshold: 1.22 MB, currentSize: 1280000, threshold: 1048576} @ http://localhost:5173/src/App.tsx:134
[ 3900529ms] [LOG] 🚨 Bundle Alert: Bundle size exceeds critical threshold: 1.22 MB @ http://localhost:5173/src/services/bundleMonitoring.ts:178
[ 3900529ms] [LOG] Bundle Alert: {type: threshold_exceeded, severity: error, message: Bundle size exceeds critical threshold: 1.22 MB, currentSize: 1280000, threshold: 1048576} @ http://localhost:5173/src/App.tsx:134
[ 3930519ms] [LOG] 🚨 Bundle Alert: Bundle size exceeds critical threshold: 1.22 MB @ http://localhost:5173/src/services/bundleMonitoring.ts:178
[ 3930520ms] [LOG] Bundle Alert: {type: threshold_exceeded, severity: error, message: Bundle size exceeds critical threshold: 1.22 MB, currentSize: 1280000, threshold: 1048576} @ http://localhost:5173/src/App.tsx:134
[ 3930520ms] [LOG] 🚨 Bundle Alert: Bundle size exceeds critical threshold: 1.22 MB @ http://localhost:5173/src/services/bundleMonitoring.ts:178
[ 3930520ms] [LOG] Bundle Alert: {type: threshold_exceeded, severity: error, message: Bundle size exceeds critical threshold: 1.22 MB, currentSize: 1280000, threshold: 1048576} @ http://localhost:5173/src/App.tsx:134
[ 3960528ms] [LOG] 🚨 Bundle Alert: Bundle size exceeds critical threshold: 1.22 MB @ http://localhost:5173/src/services/bundleMonitoring.ts:178
[ 3960529ms] [LOG] Bundle Alert: {type: threshold_exceeded, severity: error, message: Bundle size exceeds critical threshold: 1.22 MB, currentSize: 1280000, threshold: 1048576} @ http://localhost:5173/src/App.tsx:134
[ 3960529ms] [LOG] 🚨 Bundle Alert: Bundle size exceeds critical threshold: 1.22 MB @ http://localhost:5173/src/services/bundleMonitoring.ts:178
[ 3960529ms] [LOG] Bundle Alert: {type: threshold_exceeded, severity: error, message: Bundle size exceeds critical threshold: 1.22 MB, currentSize: 1280000, threshold: 1048576} @ http://localhost:5173/src/App.tsx:134
[ 3990526ms] [LOG] 🚨 Bundle Alert: Bundle size exceeds critical threshold: 1.22 MB @ http://localhost:5173/src/services/bundleMonitoring.ts:178
[ 3990526ms] [LOG] Bundle Alert: {type: threshold_exceeded, severity: error, message: Bundle size exceeds critical threshold: 1.22 MB, currentSize: 1280000, threshold: 1048576} @ http://localhost:5173/src/App.tsx:134
[ 3990527ms] [LOG] 🚨 Bundle Alert: Bundle size exceeds critical threshold: 1.22 MB @ http://localhost:5173/src/services/bundleMonitoring.ts:178
[ 3990528ms] [LOG] Bundle Alert: {type: threshold_exceeded, severity: error, message: Bundle size exceeds critical threshold: 1.22 MB, currentSize: 1280000, threshold: 1048576} @ http://localhost:5173/src/App.tsx:134
[ 4020523ms] [LOG] 🚨 Bundle Alert: Bundle size exceeds critical threshold: 1.22 MB @ http://localhost:5173/src/services/bundleMonitoring.ts:178
[ 4020523ms] [LOG] Bundle Alert: {type: threshold_exceeded, severity: error, message: Bundle size exceeds critical threshold: 1.22 MB, currentSize: 1280000, threshold: 1048576} @ http://localhost:5173/src/App.tsx:134
[ 4020524ms] [LOG] 🚨 Bundle Alert: Bundle size exceeds critical threshold: 1.22 MB @ http://localhost:5173/src/services/bundleMonitoring.ts:178
[ 4020524ms] [LOG] Bundle Alert: {type: threshold_exceeded, severity: error, message: Bundle size exceeds critical threshold: 1.22 MB, currentSize: 1280000, threshold: 1048576} @ http://localhost:5173/src/App.tsx:134
[ 4050524ms] [LOG] 🚨 Bundle Alert: Bundle size exceeds critical threshold: 1.22 MB @ http://localhost:5173/src/services/bundleMonitoring.ts:178
[ 4050525ms] [LOG] Bundle Alert: {type: threshold_exceeded, severity: error, message: Bundle size exceeds critical threshold: 1.22 MB, currentSize: 1280000, threshold: 1048576} @ http://localhost:5173/src/App.tsx:134
[ 4050525ms] [LOG] 🚨 Bundle Alert: Bundle size exceeds critical threshold: 1.22 MB @ http://localhost:5173/src/services/bundleMonitoring.ts:178
[ 4050526ms] [LOG] Bundle Alert: {type: threshold_exceeded, severity: error, message: Bundle size exceeds critical threshold: 1.22 MB, currentSize: 1280000, threshold: 1048576} @ http://localhost:5173/src/App.tsx:134
[ 4080518ms] [LOG] 🚨 Bundle Alert: Bundle size exceeds critical threshold: 1.22 MB @ http://localhost:5173/src/services/bundleMonitoring.ts:178
[ 4080518ms] [LOG] Bundle Alert: {type: threshold_exceeded, severity: error, message: Bundle size exceeds critical threshold: 1.22 MB, currentSize: 1280000, threshold: 1048576} @ http://localhost:5173/src/App.tsx:134
[ 4080519ms] [LOG] 🚨 Bundle Alert: Bundle size exceeds critical threshold: 1.22 MB @ http://localhost:5173/src/services/bundleMonitoring.ts:178
[ 4080519ms] [LOG] Bundle Alert: {type: threshold_exceeded, severity: error, message: Bundle size exceeds critical threshold: 1.22 MB, currentSize: 1280000, threshold: 1048576} @ http://localhost:5173/src/App.tsx:134
[ 4110526ms] [LOG] 🚨 Bundle Alert: Bundle size exceeds critical threshold: 1.22 MB @ http://localhost:5173/src/services/bundleMonitoring.ts:178
[ 4110527ms] [LOG] Bundle Alert: {type: threshold_exceeded, severity: error, message: Bundle size exceeds critical threshold: 1.22 MB, currentSize: 1280000, threshold: 1048576} @ http://localhost:5173/src/App.tsx:134
[ 4110528ms] [LOG] 🚨 Bundle Alert: Bundle size exceeds critical threshold: 1.22 MB @ http://localhost:5173/src/services/bundleMonitoring.ts:178
[ 4110528ms] [LOG] Bundle Alert: {type: threshold_exceeded, severity: error, message: Bundle size exceeds critical threshold: 1.22 MB, currentSize: 1280000, threshold: 1048576} @ http://localhost:5173/src/App.tsx:134
[ 4140527ms] [LOG] 🚨 Bundle Alert: Bundle size exceeds critical threshold: 1.22 MB @ http://localhost:5173/src/services/bundleMonitoring.ts:178
[ 4140528ms] [LOG] Bundle Alert: {type: threshold_exceeded, severity: error, message: Bundle size exceeds critical threshold: 1.22 MB, currentSize: 1280000, threshold: 1048576} @ http://localhost:5173/src/App.tsx:134
[ 4140528ms] [LOG] 🚨 Bundle Alert: Bundle size exceeds critical threshold: 1.22 MB @ http://localhost:5173/src/services/bundleMonitoring.ts:178
[ 4140528ms] [LOG] Bundle Alert: {type: threshold_exceeded, severity: error, message: Bundle size exceeds critical threshold: 1.22 MB, currentSize: 1280000, threshold: 1048576} @ http://localhost:5173/src/App.tsx:134
[ 4170520ms] [LOG] 🚨 Bundle Alert: Bundle size exceeds critical threshold: 1.22 MB @ http://localhost:5173/src/services/bundleMonitoring.ts:178
[ 4170521ms] [LOG] Bundle Alert: {type: threshold_exceeded, severity: error, message: Bundle size exceeds critical threshold: 1.22 MB, currentSize: 1280000, threshold: 1048576} @ http://localhost:5173/src/App.tsx:134
[ 4170522ms] [LOG] 🚨 Bundle Alert: Bundle size exceeds critical threshold: 1.22 MB @ http://localhost:5173/src/services/bundleMonitoring.ts:178
[ 4170523ms] [LOG] Bundle Alert: {type: threshold_exceeded, severity: error, message: Bundle size exceeds critical threshold: 1.22 MB, currentSize: 1280000, threshold: 1048576} @ http://localhost:5173/src/App.tsx:134
[ 4200519ms] [LOG] 🚨 Bundle Alert: Bundle size exceeds critical threshold: 1.22 MB @ http://localhost:5173/src/services/bundleMonitoring.ts:178
[ 4200520ms] [LOG] Bundle Alert: {type: threshold_exceeded, severity: error, message: Bundle size exceeds critical threshold: 1.22 MB, currentSize: 1280000, threshold: 1048576} @ http://localhost:5173/src/App.tsx:134
[ 4200521ms] [LOG] 🚨 Bundle Alert: Bundle size exceeds critical threshold: 1.22 MB @ http://localhost:5173/src/services/bundleMonitoring.ts:178
[ 4200521ms] [LOG] Bundle Alert: {type: threshold_exceeded, severity: error, message: Bundle size exceeds critical threshold: 1.22 MB, currentSize: 1280000, threshold: 1048576} @ http://localhost:5173/src/App.tsx:134
[ 4230528ms] [LOG] 🚨 Bundle Alert: Bundle size exceeds critical threshold: 1.22 MB @ http://localhost:5173/src/services/bundleMonitoring.ts:178
[ 4230528ms] [LOG] Bundle Alert: {type: threshold_exceeded, severity: error, message: Bundle size exceeds critical threshold: 1.22 MB, currentSize: 1280000, threshold: 1048576} @ http://localhost:5173/src/App.tsx:134
[ 4230529ms] [LOG] 🚨 Bundle Alert: Bundle size exceeds critical threshold: 1.22 MB @ http://localhost:5173/src/services/bundleMonitoring.ts:178
[ 4230529ms] [LOG] Bundle Alert: {type: threshold_exceeded, severity: error, message: Bundle size exceeds critical threshold: 1.22 MB, currentSize: 1280000, threshold: 1048576} @ http://localhost:5173/src/App.tsx:134
[ 4260519ms] [LOG] 🚨 Bundle Alert: Bundle size exceeds critical threshold: 1.22 MB @ http://localhost:5173/src/services/bundleMonitoring.ts:178
[ 4260519ms] [LOG] Bundle Alert: {type: threshold_exceeded, severity: error, message: Bundle size exceeds critical threshold: 1.22 MB, currentSize: 1280000, threshold: 1048576} @ http://localhost:5173/src/App.tsx:134
[ 4260520ms] [LOG] 🚨 Bundle Alert: Bundle size exceeds critical threshold: 1.22 MB @ http://localhost:5173/src/services/bundleMonitoring.ts:178
[ 4260520ms] [LOG] Bundle Alert: {type: threshold_exceeded, severity: error, message: Bundle size exceeds critical threshold: 1.22 MB, currentSize: 1280000, threshold: 1048576} @ http://localhost:5173/src/App.tsx:134
[ 4290519ms] [LOG] 🚨 Bundle Alert: Bundle size exceeds critical threshold: 1.22 MB @ http://localhost:5173/src/services/bundleMonitoring.ts:178
[ 4290519ms] [LOG] Bundle Alert: {type: threshold_exceeded, severity: error, message: Bundle size exceeds critical threshold: 1.22 MB, currentSize: 1280000, threshold: 1048576} @ http://localhost:5173/src/App.tsx:134
[ 4290520ms] [LOG] 🚨 Bundle Alert: Bundle size exceeds critical threshold: 1.22 MB @ http://localhost:5173/src/services/bundleMonitoring.ts:178
[ 4290520ms] [LOG] Bundle Alert: {type: threshold_exceeded, severity: error, message: Bundle size exceeds critical threshold: 1.22 MB, currentSize: 1280000, threshold: 1048576} @ http://localhost:5173/src/App.tsx:134
[ 4320518ms] [LOG] 🚨 Bundle Alert: Bundle size exceeds critical threshold: 1.22 MB @ http://localhost:5173/src/services/bundleMonitoring.ts:178
[ 4320519ms] [LOG] Bundle Alert: {type: threshold_exceeded, severity: error, message: Bundle size exceeds critical threshold: 1.22 MB, currentSize: 1280000, threshold: 1048576} @ http://localhost:5173/src/App.tsx:134
[ 4320519ms] [LOG] 🚨 Bundle Alert: Bundle size exceeds critical threshold: 1.22 MB @ http://localhost:5173/src/services/bundleMonitoring.ts:178
[ 4320519ms] [LOG] Bundle Alert: {type: threshold_exceeded, severity: error, message: Bundle size exceeds critical threshold: 1.22 MB, currentSize: 1280000, threshold: 1048576} @ http://localhost:5173/src/App.tsx:134
[ 4350528ms] [LOG] 🚨 Bundle Alert: Bundle size exceeds critical threshold: 1.22 MB @ http://localhost:5173/src/services/bundleMonitoring.ts:178
[ 4350528ms] [LOG] Bundle Alert: {type: threshold_exceeded, severity: error, message: Bundle size exceeds critical threshold: 1.22 MB, currentSize: 1280000, threshold: 1048576} @ http://localhost:5173/src/App.tsx:134
[ 4350529ms] [LOG] 🚨 Bundle Alert: Bundle size exceeds critical threshold: 1.22 MB @ http://localhost:5173/src/services/bundleMonitoring.ts:178
[ 4350529ms] [LOG] Bundle Alert: {type: threshold_exceeded, severity: error, message: Bundle size exceeds critical threshold: 1.22 MB, currentSize: 1280000, threshold: 1048576} @ http://localhost:5173/src/App.tsx:134
[ 4380524ms] [LOG] 🚨 Bundle Alert: Bundle size exceeds critical threshold: 1.22 MB @ http://localhost:5173/src/services/bundleMonitoring.ts:178
[ 4380524ms] [LOG] Bundle Alert: {type: threshold_exceeded, severity: error, message: Bundle size exceeds critical threshold: 1.22 MB, currentSize: 1280000, threshold: 1048576} @ http://localhost:5173/src/App.tsx:134
[ 4380525ms] [LOG] 🚨 Bundle Alert: Bundle size exceeds critical threshold: 1.22 MB @ http://localhost:5173/src/services/bundleMonitoring.ts:178
[ 4380525ms] [LOG] Bundle Alert: {type: threshold_exceeded, severity: error, message: Bundle size exceeds critical threshold: 1.22 MB, currentSize: 1280000, threshold: 1048576} @ http://localhost:5173/src/App.tsx:134
[ 4410528ms] [LOG] 🚨 Bundle Alert: Bundle size exceeds critical threshold: 1.22 MB @ http://localhost:5173/src/services/bundleMonitoring.ts:178
[ 4410529ms] [LOG] Bundle Alert: {type: threshold_exceeded, severity: error, message: Bundle size exceeds critical threshold: 1.22 MB, currentSize: 1280000, threshold: 1048576} @ http://localhost:5173/src/App.tsx:134
[ 4410529ms] [LOG] 🚨 Bundle Alert: Bundle size exceeds critical threshold: 1.22 MB @ http://localhost:5173/src/services/bundleMonitoring.ts:178
[ 4410529ms] [LOG] Bundle Alert: {type: threshold_exceeded, severity: error, message: Bundle size exceeds critical threshold: 1.22 MB, currentSize: 1280000, threshold: 1048576} @ http://localhost:5173/src/App.tsx:134
[ 4440516ms] [LOG] 🚨 Bundle Alert: Bundle size exceeds critical threshold: 1.22 MB @ http://localhost:5173/src/services/bundleMonitoring.ts:178
[ 4440516ms] [LOG] Bundle Alert: {type: threshold_exceeded, severity: error, message: Bundle size exceeds critical threshold: 1.22 MB, currentSize: 1280000, threshold: 1048576} @ http://localhost:5173/src/App.tsx:134
[ 4440517ms] [LOG] 🚨 Bundle Alert: Bundle size exceeds critical threshold: 1.22 MB @ http://localhost:5173/src/services/bundleMonitoring.ts:178
[ 4440517ms] [LOG] Bundle Alert: {type: threshold_exceeded, severity: error, message: Bundle size exceeds critical threshold: 1.22 MB, currentSize: 1280000, threshold: 1048576} @ http://localhost:5173/src/App.tsx:134
[ 4470529ms] [LOG] 🚨 Bundle Alert: Bundle size exceeds critical threshold: 1.22 MB @ http://localhost:5173/src/services/bundleMonitoring.ts:178
[ 4470529ms] [LOG] Bundle Alert: {type: threshold_exceeded, severity: error, message: Bundle size exceeds critical threshold: 1.22 MB, currentSize: 1280000, threshold: 1048576} @ http://localhost:5173/src/App.tsx:134
[ 4470530ms] [LOG] 🚨 Bundle Alert: Bundle size exceeds critical threshold: 1.22 MB @ http://localhost:5173/src/services/bundleMonitoring.ts:178
[ 4470530ms] [LOG] Bundle Alert: {type: threshold_exceeded, severity: error, message: Bundle size exceeds critical threshold: 1.22 MB, currentSize: 1280000, threshold: 1048576} @ http://localhost:5173/src/App.tsx:134
[ 4500525ms] [LOG] 🚨 Bundle Alert: Bundle size exceeds critical threshold: 1.22 MB @ http://localhost:5173/src/services/bundleMonitoring.ts:178
[ 4500526ms] [LOG] Bundle Alert: {type: threshold_exceeded, severity: error, message: Bundle size exceeds critical threshold: 1.22 MB, currentSize: 1280000, threshold: 1048576} @ http://localhost:5173/src/App.tsx:134
[ 4500526ms] [LOG] 🚨 Bundle Alert: Bundle size exceeds critical threshold: 1.22 MB @ http://localhost:5173/src/services/bundleMonitoring.ts:178
[ 4500526ms] [LOG] Bundle Alert: {type: threshold_exceeded, severity: error, message: Bundle size exceeds critical threshold: 1.22 MB, currentSize: 1280000, threshold: 1048576} @ http://localhost:5173/src/App.tsx:134
[ 4530518ms] [LOG] 🚨 Bundle Alert: Bundle size exceeds critical threshold: 1.22 MB @ http://localhost:5173/src/services/bundleMonitoring.ts:178
[ 4530518ms] [LOG] Bundle Alert: {type: threshold_exceeded, severity: error, message: Bundle size exceeds critical threshold: 1.22 MB, currentSize: 1280000, threshold: 1048576} @ http://localhost:5173/src/App.tsx:134
[ 4530519ms] [LOG] 🚨 Bundle Alert: Bundle size exceeds critical threshold: 1.22 MB @ http://localhost:5173/src/services/bundleMonitoring.ts:178
[ 4530519ms] [LOG] Bundle Alert: {type: threshold_exceeded, severity: error, message: Bundle size exceeds critical threshold: 1.22 MB, currentSize: 1280000, threshold: 1048576} @ http://localhost:5173/src/App.tsx:134
[ 4560526ms] [LOG] 🚨 Bundle Alert: Bundle size exceeds critical threshold: 1.22 MB @ http://localhost:5173/src/services/bundleMonitoring.ts:178
[ 4560526ms] [LOG] Bundle Alert: {type: threshold_exceeded, severity: error, message: Bundle size exceeds critical threshold: 1.22 MB, currentSize: 1280000, threshold: 1048576} @ http://localhost:5173/src/App.tsx:134
[ 4560526ms] [LOG] 🚨 Bundle Alert: Bundle size exceeds critical threshold: 1.22 MB @ http://localhost:5173/src/services/bundleMonitoring.ts:178
[ 4560526ms] [LOG] Bundle Alert: {type: threshold_exceeded, severity: error, message: Bundle size exceeds critical threshold: 1.22 MB, currentSize: 1280000, threshold: 1048576} @ http://localhost:5173/src/App.tsx:134
[ 4590526ms] [LOG] 🚨 Bundle Alert: Bundle size exceeds critical threshold: 1.22 MB @ http://localhost:5173/src/services/bundleMonitoring.ts:178
[ 4590527ms] [LOG] Bundle Alert: {type: threshold_exceeded, severity: error, message: Bundle size exceeds critical threshold: 1.22 MB, currentSize: 1280000, threshold: 1048576} @ http://localhost:5173/src/App.tsx:134
[ 4590527ms] [LOG] 🚨 Bundle Alert: Bundle size exceeds critical threshold: 1.22 MB @ http://localhost:5173/src/services/bundleMonitoring.ts:178
[ 4590527ms] [LOG] Bundle Alert: {type: threshold_exceeded, severity: error, message: Bundle size exceeds critical threshold: 1.22 MB, currentSize: 1280000, threshold: 1048576} @ http://localhost:5173/src/App.tsx:134
[ 4620523ms] [LOG] 🚨 Bundle Alert: Bundle size exceeds critical threshold: 1.22 MB @ http://localhost:5173/src/services/bundleMonitoring.ts:178
[ 4620523ms] [LOG] Bundle Alert: {type: threshold_exceeded, severity: error, message: Bundle size exceeds critical threshold: 1.22 MB, currentSize: 1280000, threshold: 1048576} @ http://localhost:5173/src/App.tsx:134
[ 4620524ms] [LOG] 🚨 Bundle Alert: Bundle size exceeds critical threshold: 1.22 MB @ http://localhost:5173/src/services/bundleMonitoring.ts:178
[ 4620524ms] [LOG] Bundle Alert: {type: threshold_exceeded, severity: error, message: Bundle size exceeds critical threshold: 1.22 MB, currentSize: 1280000, threshold: 1048576} @ http://localhost:5173/src/App.tsx:134
[ 4650520ms] [LOG] 🚨 Bundle Alert: Bundle size exceeds critical threshold: 1.22 MB @ http://localhost:5173/src/services/bundleMonitoring.ts:178
[ 4650520ms] [LOG] Bundle Alert: {type: threshold_exceeded, severity: error, message: Bundle size exceeds critical threshold: 1.22 MB, currentSize: 1280000, threshold: 1048576} @ http://localhost:5173/src/App.tsx:134
[ 4650521ms] [LOG] 🚨 Bundle Alert: Bundle size exceeds critical threshold: 1.22 MB @ http://localhost:5173/src/services/bundleMonitoring.ts:178
[ 4650521ms] [LOG] Bundle Alert: {type: threshold_exceeded, severity: error, message: Bundle size exceeds critical threshold: 1.22 MB, currentSize: 1280000, threshold: 1048576} @ http://localhost:5173/src/App.tsx:134
[ 4680521ms] [LOG] 🚨 Bundle Alert: Bundle size exceeds critical threshold: 1.22 MB @ http://localhost:5173/src/services/bundleMonitoring.ts:178
[ 4680521ms] [LOG] Bundle Alert: {type: threshold_exceeded, severity: error, message: Bundle size exceeds critical threshold: 1.22 MB, currentSize: 1280000, threshold: 1048576} @ http://localhost:5173/src/App.tsx:134
[ 4680521ms] [LOG] 🚨 Bundle Alert: Bundle size exceeds critical threshold: 1.22 MB @ http://localhost:5173/src/services/bundleMonitoring.ts:178
[ 4680521ms] [LOG] Bundle Alert: {type: threshold_exceeded, severity: error, message: Bundle size exceeds critical threshold: 1.22 MB, currentSize: 1280000, threshold: 1048576} @ http://localhost:5173/src/App.tsx:134
[ 4710518ms] [LOG] 🚨 Bundle Alert: Bundle size exceeds critical threshold: 1.22 MB @ http://localhost:5173/src/services/bundleMonitoring.ts:178
[ 4710518ms] [LOG] Bundle Alert: {type: threshold_exceeded, severity: error, message: Bundle size exceeds critical threshold: 1.22 MB, currentSize: 1280000, threshold: 1048576} @ http://localhost:5173/src/App.tsx:134
[ 4710519ms] [LOG] 🚨 Bundle Alert: Bundle size exceeds critical threshold: 1.22 MB @ http://localhost:5173/src/services/bundleMonitoring.ts:178
[ 4710519ms] [LOG] Bundle Alert: {type: threshold_exceeded, severity: error, message: Bundle size exceeds critical threshold: 1.22 MB, currentSize: 1280000, threshold: 1048576} @ http://localhost:5173/src/App.tsx:134
[ 4740522ms] [LOG] 🚨 Bundle Alert: Bundle size exceeds critical threshold: 1.22 MB @ http://localhost:5173/src/services/bundleMonitoring.ts:178
[ 4740522ms] [LOG] Bundle Alert: {type: threshold_exceeded, severity: error, message: Bundle size exceeds critical threshold: 1.22 MB, currentSize: 1280000, threshold: 1048576} @ http://localhost:5173/src/App.tsx:134
[ 4740523ms] [LOG] 🚨 Bundle Alert: Bundle size exceeds critical threshold: 1.22 MB @ http://localhost:5173/src/services/bundleMonitoring.ts:178
[ 4740523ms] [LOG] Bundle Alert: {type: threshold_exceeded, severity: error, message: Bundle size exceeds critical threshold: 1.22 MB, currentSize: 1280000, threshold: 1048576} @ http://localhost:5173/src/App.tsx:134
[ 4770519ms] [LOG] 🚨 Bundle Alert: Bundle size exceeds critical threshold: 1.22 MB @ http://localhost:5173/src/services/bundleMonitoring.ts:178
[ 4770519ms] [LOG] Bundle Alert: {type: threshold_exceeded, severity: error, message: Bundle size exceeds critical threshold: 1.22 MB, currentSize: 1280000, threshold: 1048576} @ http://localhost:5173/src/App.tsx:134
[ 4770520ms] [LOG] 🚨 Bundle Alert: Bundle size exceeds critical threshold: 1.22 MB @ http://localhost:5173/src/services/bundleMonitoring.ts:178
[ 4770520ms] [LOG] Bundle Alert: {type: threshold_exceeded, severity: error, message: Bundle size exceeds critical threshold: 1.22 MB, currentSize: 1280000, threshold: 1048576} @ http://localhost:5173/src/App.tsx:134
[ 4800517ms] [LOG] 🚨 Bundle Alert: Bundle size exceeds critical threshold: 1.22 MB @ http://localhost:5173/src/services/bundleMonitoring.ts:178
[ 4800518ms] [LOG] Bundle Alert: {type: threshold_exceeded, severity: error, message: Bundle size exceeds critical threshold: 1.22 MB, currentSize: 1280000, threshold: 1048576} @ http://localhost:5173/src/App.tsx:134
[ 4800518ms] [LOG] 🚨 Bundle Alert: Bundle size exceeds critical threshold: 1.22 MB @ http://localhost:5173/src/services/bundleMonitoring.ts:178
[ 4800518ms] [LOG] Bundle Alert: {type: threshold_exceeded, severity: error, message: Bundle size exceeds critical threshold: 1.22 MB, currentSize: 1280000, threshold: 1048576} @ http://localhost:5173/src/App.tsx:134
